-- Domain and user/log tables

-- phpMyAdmin SQL Dump
-- version 4.0.5deb1
-- http://www.phpmyadmin.net
--
-- Servidor: localhost
-- Tiempo de generación: 21-02-2014 a las 21:47:16
-- Versión del servidor: 5.5.31-1
-- Versión de PHP: 5.5.1-2

SET SQL_MODE = "NO_AUTO_VALUE_ON_ZERO";
SET time_zone = "+00:00";

--
-- Base de datos: `crudder`
--

-- --------------------------------------------------------

--
-- Estructura de tabla para la tabla `cat_estados`
--

DROP TABLE `cat_estados`;

CREATE TABLE IF NOT EXISTS `cat_estados` (
  `id` int(11) NOT NULL AUTO_INCREMENT,
  `code` varchar(4)  NOT NULL,
  `nombre` varchar(64)  DEFAULT NULL,
  `deleted` tinyint(4) NOT NULL DEFAULT '0',
  PRIMARY KEY (`id`),
  UNIQUE KEY `code` (`code`),
  KEY `nombre` (`nombre`)
) ENGINE=InnoDB  DEFAULT CHARSET=utf8 ;

--
-- Truncar tablas antes de insertar `cat_estados`
--

TRUNCATE TABLE `cat_estados`;
--
-- Volcado de datos para la tabla `cat_estados`
--

INSERT INTO `cat_estados` (`code`, `nombre`) VALUES
('E00', 'Sin asignar'),
('E01', 'Distrito Capital'),
('E02', 'Amazonas'),
('E03', 'Anzoátegui'),
('E04', 'Apure'),
('E05', 'Aragua'),
('E06', 'Barinas'),
('E07', 'Bolivar'),
('E08', 'Carabobo'),
('E09', 'Cojedes'),
('E10', 'Delta Amacuro'),
('E11', 'Falcón'),
('E12', 'Guárico'),
('E13', 'Lara'),
('E14', 'Mérida'),
('E15', 'Miranda'),
('E16', 'Monagas'),
('E17', 'Nueva Esparta'),
('E18', 'Portuguesa'),
('E19', 'Sucre'),
('E20', 'Táchira'),
('E21', 'Trujillo'),
('E22', 'Yaracuy'),
('E23', 'Zulia'),
('E24', 'Vargas');

-- --------------------------------------------------------

--
-- Estructura de tabla para la tabla `cat_municipios`
--

DROP TABLE `cat_municipios`;

CREATE TABLE IF NOT EXISTS `cat_municipios` (
  `id` int(11) NOT NULL AUTO_INCREMENT,
  `code` varchar(8)  NOT NULL,
  `code_estado` char(3)  NOT NULL,
  `nombre` varchar(64)  DEFAULT NULL,
  `deleted` tinyint(4) NOT NULL DEFAULT '0',
  PRIMARY KEY (`id`),
  UNIQUE KEY `code` (`code`),
  KEY `nombre` (`nombre`)
) ENGINE=InnoDB  DEFAULT CHARSET=utf8 ;

--
-- Truncar tablas antes de insertar `cat_municipios`
--

TRUNCATE TABLE `cat_municipios`;
--
-- Volcado de datos para la tabla `cat_municipios`
--

INSERT INTO `cat_municipios` (`code`, `code_estado`, `nombre`) VALUES
('E00-M00', 'E00', 'Sin asignar'),
('E00-M01', 'E00', 'Distrito Metropolitano'),
('E01-M00', 'E01', 'Sin asignar'),
('E01-M01', 'E01', 'Libertador'),
('E02-M00', 'E02', 'Sin asignar'),
('E02-M01', 'E02', 'Autónomo Alto Orinoco'),
('E02-M02', 'E02', 'Autónomo Atabapo'),
('E02-M03', 'E02', 'Autónomo Atures'),
('E02-M04', 'E02', 'Autónomo Autana'),
('E02-M05', 'E02', 'Autónomo Maroa'),
('E02-M06', 'E02', 'Autónomo Manapiare'),
('E02-M07', 'E02', 'Autónomo Río Negro'),
('E03-M00', 'E03', 'Sin asignar'),
('E03-M01', 'E03', 'Anaco'),
('E03-M02', 'E03', 'Aragua'),
('E03-M03', 'E03', 'Fernando de Peñalver'),
('E03-M04', 'E03', 'Francisco del Carmen Carvajal'),
('E03-M05', 'E03', 'Francisco de Miranda'),
('E03-M06', 'E03', 'Guanta'),
('E03-M07', 'E03', 'Independencia'),
('E03-M08', 'E03', 'Juan Antonio Sotillo'),
('E03-M09', 'E03', 'Juan Manuel Cajigal'),
('E03-M10', 'E03', 'José Gregorio Monagas'),
('E03-M11', 'E03', 'Libertad'),
('E03-M12', 'E03', 'Manuel Ezequiel Bruzual'),
('E03-M13', 'E03', 'Pedro María Freites'),
('E03-M14', 'E03', 'Píritu'),
('E03-M15', 'E03', 'San José de Guanipa'),
('E03-M16', 'E03', 'San Juan de Capistrano'),
('E03-M17', 'E03', 'Santa Ana'),
('E03-M18', 'E03', 'Simón Bolívar'),
('E03-M19', 'E03', 'Simón Rodríguez'),
('E03-M20', 'E03', 'Sir Arthur Mc Gregor'),
('E03-M21', 'E03', 'Turístico Diego Bautista Urbaneja'),
('E04-M00', 'E04', 'Sin asignar'),
('E04-M01', 'E04', 'Achaguas'),
('E04-M02', 'E04', 'Biruaca'),
('E04-M03', 'E04', 'Muñoz'),
('E04-M04', 'E04', 'Páez'),
('E04-M05', 'E04', 'Pedro Camejo'),
('E04-M06', 'E04', 'Rómulo Gallegos'),
('E04-M07', 'E04', 'San Fernando'),
('E05-M00', 'E05', 'Sin asignar'),
('E05-M01', 'E05', 'Bolívar'),
('E05-M02', 'E05', 'Camatagua'),
('E05-M03', 'E05', 'Girardot'),
('E05-M04', 'E05', 'José Angel Lamas'),
('E05-M05', 'E05', 'José Félix Ribas'),
('E05-M06', 'E05', 'José Rafael Revenga'),
('E05-M07', 'E05', 'Libertador'),
('E05-M08', 'E05', 'Mario Briceño Iragorry'),
('E05-M09', 'E05', 'San Casimiro'),
('E05-M10', 'E05', 'San Sebastián'),
('E05-M11', 'E05', 'Santiago Mariño'),
('E05-M12', 'E05', 'Santos Michelena'),
('E05-M13', 'E05', 'Sucre'),
('E05-M14', 'E05', 'Tovar'),
('E05-M15', 'E05', 'Urdaneta'),
('E05-M16', 'E05', 'Zamora'),
('E05-M17', 'E05', 'Francisco Linares Alcántara'),
('E05-M18', 'E05', 'Ocumare de La Costa de Oro'),
('E06-M00', 'E06', 'Sin asignar'),
('E06-M01', 'E06', 'Alberto Arvelo Torrealba'),
('E06-M02', 'E06', 'Antonio José de Sucre'),
('E06-M03', 'E06', 'Arismendi'),
('E06-M04', 'E06', 'Barinas'),
('E06-M05', 'E06', 'Bolívar'),
('E06-M06', 'E06', 'Cruz Paredes'),
('E06-M07', 'E06', 'Ezequiel Zamora'),
('E06-M08', 'E06', 'Obispos'),
('E06-M09', 'E06', 'Pedraza'),
('E06-M10', 'E06', 'Rojas'),
('E06-M11', 'E06', 'Sosa'),
('E06-M12', 'E06', 'Andrés Eloy Blanco'),
('E06-M13', 'E06', 'José Antonio Páez'),
('E07-M00', 'E07', 'Sin asignar'),
('E07-M01', 'E07', 'Caroní'),
('E07-M02', 'E07', 'Cedeño'),
('E07-M03', 'E07', 'El Callao'),
('E07-M04', 'E07', 'Gran Sabana'),
('E07-M05', 'E07', 'Heres'),
('E07-M06', 'E07', 'Piar'),
('E07-M07', 'E07', 'Raúl Leoni'),
('E07-M08', 'E07', 'Roscio'),
('E07-M09', 'E07', 'Sifontes'),
('E07-M10', 'E07', 'Sucre'),
('E07-M11', 'E07', 'Padre Pedro Chien'),
('E08-M00', 'E08', 'Sin asignar'),
('E08-M01', 'E08', 'Bejuma'),
('E08-M02', 'E08', 'Carlos Arvelo'),
('E08-M03', 'E08', 'Diego Ibarra'),
('E08-M04', 'E08', 'Guacara'),
('E08-M05', 'E08', 'Juan José Mora'),
('E08-M06', 'E08', 'Libertador'),
('E08-M07', 'E08', 'Los Guayos'),
('E08-M08', 'E08', 'Miranda'),
('E08-M09', 'E08', 'Montalbán'),
('E08-M10', 'E08', 'Naguanagua'),
('E08-M11', 'E08', 'Puerto Cabello'),
('E08-M12', 'E08', 'San Diego'),
('E08-M13', 'E08', 'San Joaquín'),
('E08-M14', 'E08', 'Valencia'),
('E08-M15', 'E08', 'Miguel Peña'),
('E09-M00', 'E09', 'Sin asignar'),
('E09-M01', 'E09', 'Anzoátegui'),
('E09-M02', 'E09', 'Falcón'),
('E09-M03', 'E09', 'Girardot'),
('E09-M04', 'E09', 'Lima Blanco'),
('E09-M05', 'E09', 'Pao de San Juan Bautista'),
('E09-M06', 'E09', 'Ricaurte'),
('E09-M07', 'E09', 'Rómulo Gallegos'),
('E09-M08', 'E09', 'San Carlos'),
('E09-M09', 'E09', 'Tinaco'),
('E10-M00', 'E10', 'Sin asignar'),
('E10-M01', 'E10', 'Antonio Díaz'),
('E10-M02', 'E10', 'Casacoima'),
('E10-M03', 'E10', 'Pedernales'),
('E10-M04', 'E10', 'Tucupita'),
('E11-M00', 'E11', 'Sin asignar'),
('E11-M01', 'E11', 'Acosta'),
('E11-M02', 'E11', 'Bolívar'),
('E11-M03', 'E11', 'Buchivacoa'),
('E11-M04', 'E11', 'Cacique Manaure'),
('E11-M05', 'E11', 'Carirubana'),
('E11-M06', 'E11', 'Colina'),
('E11-M07', 'E11', 'Dabajuro'),
('E11-M08', 'E11', 'Democracia'),
('E11-M09', 'E11', 'Falcón'),
('E11-M10', 'E11', 'Federación'),
('E11-M11', 'E11', 'Jacura'),
('E11-M12', 'E11', 'Los Taques'),
('E11-M13', 'E11', 'Mauroa'),
('E11-M14', 'E11', 'Miranda'),
('E11-M15', 'E11', 'Monseñor Iturriza'),
('E11-M16', 'E11', 'Palmasola'),
('E11-M17', 'E11', 'Petit'),
('E11-M18', 'E11', 'Píritu'),
('E11-M19', 'E11', 'San Francisco'),
('E11-M20', 'E11', 'Silva'),
('E11-M21', 'E11', 'Sucre'),
('E11-M22', 'E11', 'Tocópero'),
('E11-M23', 'E11', 'Unión'),
('E11-M24', 'E11', 'Urumaco'),
('E11-M25', 'E11', 'Zamora'),
('E12-M00', 'E12', 'Sin asignar'),
('E12-M01', 'E12', 'Camaguán'),
('E12-M02', 'E12', 'Chaguaramas'),
('E12-M03', 'E12', 'El Socorro'),
('E12-M04', 'E12', 'San Gerónimo de Guayabal'),
('E12-M05', 'E12', 'Leonardo Infante'),
('E12-M06', 'E12', 'Las Mercedes'),
('E12-M07', 'E12', 'Julián Mellado'),
('E12-M08', 'E12', 'Francisco de Miranda'),
('E12-M09', 'E12', 'José Tadeo Monagas'),
('E12-M10', 'E12', 'Ortiz'),
('E12-M11', 'E12', 'José Félix Ribas'),
('E12-M12', 'E12', 'Juan Germán Roscio'),
('E12-M13', 'E12', 'San José de Guaribe'),
('E12-M14', 'E12', 'Santa María de Ipire'),
('E12-M15', 'E12', 'Pedro Zaraza'),
('E13-M00', 'E13', 'Sin asignar'),
('E13-M01', 'E13', 'Andrés Eloy Blanco'),
('E13-M02', 'E13', 'Crespo'),
('E13-M03', 'E13', 'Iribarren'),
('E13-M04', 'E13', 'Jiménez'),
('E13-M05', 'E13', 'Morán'),
('E13-M06', 'E13', 'Palavecino'),
('E13-M07', 'E13', 'Simón Planas'),
('E13-M08', 'E13', 'Torres'),
('E13-M09', 'E13', 'Urdaneta'),
('E14-M00', 'E14', 'Sin asignar'),
('E14-M01', 'E14', 'Alberto Adriani'),
('E14-M02', 'E14', 'Andrés Bello'),
('E14-M03', 'E14', 'Antonio Pinto Salinas'),
('E14-M04', 'E14', 'Aricagua'),
('E14-M05', 'E14', 'Arzobispo Chacón'),
('E14-M06', 'E14', 'Campo Elías'),
('E14-M07', 'E14', 'Caracciolo Parra Olmedo'),
('E14-M08', 'E14', 'Cardenal Quintero'),
('E14-M09', 'E14', 'Guaraque'),
('E14-M10', 'E14', 'Julio César Salas'),
('E14-M11', 'E14', 'Justo Briceño'),
('E14-M12', 'E14', 'Libertador'),
('E14-M13', 'E14', 'Miranda'),
('E14-M14', 'E14', 'Obispo Ramos de Lora'),
('E14-M15', 'E14', 'Padre Noguera'),
('E14-M16', 'E14', 'Pueblo Llano'),
('E14-M17', 'E14', 'Rangel'),
('E14-M18', 'E14', 'Rivas Dávila'),
('E14-M19', 'E14', 'Santos Marquina'),
('E14-M20', 'E14', 'Sucre'),
('E14-M21', 'E14', 'Tovar'),
('E14-M22', 'E14', 'Tulio Febres Cordero'),
('E14-M23', 'E14', 'Zea'),
('E15-M00', 'E15', 'Sin asignar'),
('E15-M01', 'E15', 'Acevedo'),
('E15-M02', 'E15', 'Andrés Bello'),
('E15-M03', 'E15', 'Baruta'),
('E15-M04', 'E15', 'Brión'),
('E15-M05', 'E15', 'Buroz'),
('E15-M06', 'E15', 'Carrizal'),
('E15-M07', 'E15', 'Chacao'),
('E15-M08', 'E15', 'Cristóbal Rojas'),
('E15-M09', 'E15', 'El Hatillo'),
('E15-M10', 'E15', 'Guaicaipuro'),
('E15-M11', 'E15', 'Independencia'),
('E15-M12', 'E15', 'Lander'),
('E15-M13', 'E15', 'Los Salias'),
('E15-M14', 'E15', 'Páez'),
('E15-M15', 'E15', 'Paz Castillo'),
('E15-M16', 'E15', 'Pedro Gual'),
('E15-M17', 'E15', 'Plaza'),
('E15-M18', 'E15', 'Simón Bolívar'),
('E15-M19', 'E15', 'Sucre'),
('E15-M20', 'E15', 'Urdaneta'),
('E15-M21', 'E15', 'Zamora'),
('E16-M00', 'E16', 'Sin asignar'),
('E16-M01', 'E16', 'Acosta'),
('E16-M02', 'E16', 'Aguasay'),
('E16-M03', 'E16', 'Bolívar'),
('E16-M04', 'E16', 'Caripe'),
('E16-M05', 'E16', 'Cedeño'),
('E16-M06', 'E16', 'Ezequiel Zamora'),
('E16-M07', 'E16', 'Libertador'),
('E16-M08', 'E16', 'Maturín'),
('E16-M09', 'E16', 'Piar'),
('E16-M10', 'E16', 'Punceres'),
('E16-M11', 'E16', 'Santa Bárbara'),
('E16-M12', 'E16', 'Sotillo'),
('E16-M13', 'E16', 'Uracoa'),
('E17-M00', 'E17', 'Sin asignar'),
('E17-M01', 'E17', 'Antolín del Campo'),
('E17-M02', 'E17', 'Arismendi'),
('E17-M03', 'E17', 'Díaz'),
('E17-M04', 'E17', 'García'),
('E17-M05', 'E17', 'Gómez'),
('E17-M06', 'E17', 'Maneiro'),
('E17-M07', 'E17', 'Marcano'),
('E17-M08', 'E17', 'Mariño'),
('E17-M09', 'E17', 'Península de Macanao'),
('E17-M10', 'E17', 'Tubores'),
('E17-M11', 'E17', 'Villalba'),
('E18-M00', 'E18', 'Sin asignar'),
('E18-M01', 'E18', 'Agua Blanca'),
('E18-M02', 'E18', 'Araure'),
('E18-M03', 'E18', 'Esteller'),
('E18-M04', 'E18', 'Guanare'),
('E18-M05', 'E18', 'Guanarito'),
('E18-M06', 'E18', 'Monseñor José Vicente de Unda'),
('E18-M07', 'E18', 'Ospino'),
('E18-M08', 'E18', 'Páez'),
('E18-M09', 'E18', 'Papelón'),
('E18-M10', 'E18', 'San Genaro de Boconoito'),
('E18-M11', 'E18', 'San Rafael de Onoto'),
('E18-M12', 'E18', 'Santa Rosalía'),
('E18-M13', 'E18', 'Sucre'),
('E18-M14', 'E18', 'Turén'),
('E19-M00', 'E19', 'Sin asignar'),
('E19-M01', 'E19', 'Andrés Eloy Blanco'),
('E19-M02', 'E19', 'Andrés Mata'),
('E19-M03', 'E19', 'Arismendi'),
('E19-M04', 'E19', 'Benítez'),
('E19-M05', 'E19', 'Bermúdez'),
('E19-M06', 'E19', 'Bolívar'),
('E19-M07', 'E19', 'Cajigal'),
('E19-M08', 'E19', 'Cruz Salmerón Acosta'),
('E19-M09', 'E19', 'Libertador'),
('E19-M10', 'E19', 'Mariño'),
('E19-M11', 'E19', 'Mejía'),
('E19-M12', 'E19', 'Montes'),
('E19-M13', 'E19', 'Ribero'),
('E19-M14', 'E19', 'Sucre'),
('E19-M15', 'E19', 'Valdez'),
('E20-M00', 'E20', 'Sin asignar'),
('E20-M01', 'E20', 'Andrés Bello'),
('E20-M02', 'E20', 'Antonio Rómulo Costa'),
('E20-M03', 'E20', 'Ayacucho'),
('E20-M04', 'E20', 'Bolívar'),
('E20-M05', 'E20', 'Cárdenas'),
('E20-M06', 'E20', 'Córdoba'),
('E20-M07', 'E20', 'Fernández Feo'),
('E20-M08', 'E20', 'Francisco de Miranda'),
('E20-M09', 'E20', 'García de Hevia'),
('E20-M10', 'E20', 'Guásimos'),
('E20-M11', 'E20', 'Independencia'),
('E20-M12', 'E20', 'Jáuregui'),
('E20-M13', 'E20', 'José María Vargas'),
('E20-M14', 'E20', 'Junín'),
('E20-M15', 'E20', 'Libertad'),
('E20-M16', 'E20', 'Libertador'),
('E20-M17', 'E20', 'Lobatera'),
('E20-M18', 'E20', 'Michelena'),
('E20-M19', 'E20', 'Panamericano'),
('E20-M20', 'E20', 'Pedro María Ureña'),
('E20-M21', 'E20', 'Rafael Urdaneta'),
('E20-M22', 'E20', 'Samuel Darío Maldonado'),
('E20-M23', 'E20', 'San Cristóbal'),
('E20-M24', 'E20', 'Seboruco'),
('E20-M25', 'E20', 'Simón Rodríguez'),
('E20-M26', 'E20', 'Sucre'),
('E20-M27', 'E20', 'Torbes'),
('E20-M28', 'E20', 'Uribante'),
('E20-M29', 'E20', 'San Judas Tadeo'),
('E21-M00', 'E21', 'Sin asignar'),
('E21-M01', 'E21', 'Andrés Bello'),
('E21-M02', 'E21', 'Boconó'),
('E21-M03', 'E21', 'Bolívar'),
('E21-M04', 'E21', 'Candelaria'),
('E21-M05', 'E21', 'Carache'),
('E21-M06', 'E21', 'Escuque'),
('E21-M07', 'E21', 'José Felipe Márquez Cañizales'),
('E21-M08', 'E21', 'Juan Vicente Campo Elías'),
('E21-M09', 'E21', 'La Ceiba'),
('E21-M10', 'E21', 'Miranda'),
('E21-M11', 'E21', 'Monte Carmelo'),
('E21-M12', 'E21', 'Motatán'),
('E21-M13', 'E21', 'Pampán'),
('E21-M14', 'E21', 'Pampanito'),
('E21-M15', 'E21', 'Rafael Rangel'),
('E21-M16', 'E21', 'San Rafael de Carvajal'),
('E21-M17', 'E21', 'Sucre'),
('E21-M18', 'E21', 'Trujillo'),
('E21-M19', 'E21', 'Urdaneta'),
('E21-M20', 'E21', 'Valera'),
('E22-M00', 'E22', 'Sin asignar'),
('E22-M01', 'E22', 'Arístides Bastidas'),
('E22-M02', 'E22', 'Bolívar'),
('E22-M03', 'E22', 'Bruzual'),
('E22-M04', 'E22', 'Cocorote'),
('E22-M05', 'E22', 'Independencia'),
('E22-M06', 'E22', 'José Antonio Páez'),
('E22-M07', 'E22', 'La Trinidad'),
('E22-M08', 'E22', 'Manuel Monge'),
('E22-M09', 'E22', 'Nirgua'),
('E22-M10', 'E22', 'Peña'),
('E22-M11', 'E22', 'San Felipe'),
('E22-M12', 'E22', 'Sucre'),
('E22-M13', 'E22', 'Urachiche'),
('E22-M14', 'E22', 'Veroes'),
('E23-M00', 'E23', 'Sin asignar'),
('E23-M01', 'E23', 'Almirante Padilla'),
('E23-M02', 'E23', 'Baralt'),
('E23-M03', 'E23', 'Cabimas'),
('E23-M04', 'E23', 'Catatumbo'),
('E23-M05', 'E23', 'Colón'),
('E23-M06', 'E23', 'Francisco Javier Pulgar'),
('E23-M07', 'E23', 'Jesús Enrique Lossada'),
('E23-M08', 'E23', 'Jesús María Semprún'),
('E23-M09', 'E23', 'La Cañada de Urdaneta'),
('E23-M10', 'E23', 'Lagunillas'),
('E23-M11', 'E23', 'Machiques de Perijá'),
('E23-M12', 'E23', 'Mara'),
('E23-M13', 'E23', 'Maracaibo'),
('E23-M14', 'E23', 'Miranda'),
('E23-M15', 'E23', 'Páez'),
('E23-M16', 'E23', 'Rosario de Perijá'),
('E23-M17', 'E23', 'San Francisco'),
('E23-M18', 'E23', 'Santa Rita'),
('E23-M19', 'E23', 'Simón Bolívar'),
('E23-M20', 'E23', 'Sucre'),
('E23-M21', 'E23', 'Valmore Rodríguez'),
('E24-M00', 'E24', 'Sin asignar'),
('E24-M01', 'E24', 'Vargas');

-- --------------------------------------------------------

--
-- Estructura de tabla para la tabla `cat_parroquias`
--

DROP TABLE `cat_parroquias`;

CREATE TABLE IF NOT EXISTS `cat_parroquias` (
  `id` int(11) NOT NULL AUTO_INCREMENT,
  `code` varchar(12)  NOT NULL,
  `code_estado` char(3)  NOT NULL,
  `code_municipio` char(7)  DEFAULT NULL,
  `nombre` varchar(64)  DEFAULT NULL,
  `deleted` tinyint(4) NOT NULL DEFAULT '0',
  PRIMARY KEY (`id`),
  UNIQUE KEY `code` (`code`),
  KEY `nombre` (`nombre`)
) ENGINE=InnoDB  DEFAULT CHARSET=utf8 ;

--
-- Truncar tablas antes de insertar `cat_parroquias`
--

TRUNCATE TABLE `cat_parroquias`;
--
-- Volcado de datos para la tabla `cat_parroquias`
--

INSERT INTO `cat_parroquias` (`code`, `code_estado`, `code_municipio`, `nombre`) VALUES
('E00-M00-P00', 'E00', 'E00-M00', 'Sin asignar'),
('E01-M01-P01', 'E01', 'E01-M01', 'Altagracia'),
('E01-M01-P02', 'E01', 'E01-M01', 'Antímano'),
('E01-M01-P03', 'E01', 'E01-M01', 'Candelaria'),
('E01-M01-P04', 'E01', 'E01-M01', 'Caricuao'),
('E01-M01-P05', 'E01', 'E01-M01', 'Catedral'),
('E01-M01-P06', 'E01', 'E01-M01', 'Coche'),
('E01-M01-P07', 'E01', 'E01-M01', 'El Junquito'),
('E01-M01-P08', 'E01', 'E01-M01', 'EL Paraíso'),
('E01-M01-P09', 'E01', 'E01-M01', 'El Recreo'),
('E01-M01-P10', 'E01', 'E01-M01', 'El Valle'),
('E01-M01-P11', 'E01', 'E01-M01', 'La Pastora'),
('E01-M01-P12', 'E01', 'E01-M01', 'La Vega'),
('E01-M01-P13', 'E01', 'E01-M01', 'Macarao'),
('E01-M01-P14', 'E01', 'E01-M01', 'San Agustín'),
('E01-M01-P15', 'E01', 'E01-M01', 'San Bernardino'),
('E01-M01-P16', 'E01', 'E01-M01', 'San José'),
('E01-M01-P17', 'E01', 'E01-M01', 'San Juan'),
('E01-M01-P18', 'E01', 'E01-M01', 'San Pedro'),
('E01-M01-P19', 'E01', 'E01-M01', 'Santa Rosalía'),
('E01-M01-P20', 'E01', 'E01-M01', 'Santa Teresa'),
('E01-M01-P21', 'E01', 'E01-M01', 'Sucre'),
('E01-M01-P22', 'E01', 'E01-M01', '23 de Enero'),
('E02-M01-P01', 'E02', 'E02-M01', 'Huachamacare'),
('E02-M01-P02', 'E02', 'E02-M01', 'Marawaka'),
('E02-M01-P03', 'E02', 'E02-M01', 'Mavaca'),
('E02-M01-P04', 'E02', 'E02-M01', 'Sierra Parima'),
('E02-M02-P01', 'E02', 'E02-M02', 'Ucata'),
('E02-M02-P02', 'E02', 'E02-M02', 'Yapacana'),
('E02-M02-P03', 'E02', 'E02-M02', 'Caname'),
('E02-M03-P01', 'E02', 'E02-M03', 'Fernando Girón Tovar'),
('E02-M03-P02', 'E02', 'E02-M03', 'Luis Alberto Gómez'),
('E02-M03-P03', 'E02', 'E02-M03', 'Parhueña'),
('E02-M03-P04', 'E02', 'E02-M03', 'Platanillal'),
('E02-M04-P01', 'E02', 'E02-M04', 'Samariapo'),
('E02-M04-P02', 'E02', 'E02-M04', 'Sipapo'),
('E02-M04-P03', 'E02', 'E02-M04', 'Munduapo'),
('E02-M04-P04', 'E02', 'E02-M04', 'Guayapo'),
('E02-M05-P01', 'E02', 'E02-M05', 'Victorino'),
('E02-M05-P02', 'E02', 'E02-M05', 'Comunidad'),
('E02-M06-P01', 'E02', 'E02-M06', 'Alto Ventuari'),
('E02-M06-P02', 'E02', 'E02-M06', 'Medio Ventuari'),
('E02-M06-P03', 'E02', 'E02-M06', 'Bajo Ventuari'),
('E02-M07-P01', 'E02', 'E02-M07', 'Solano'),
('E02-M07-P02', 'E02', 'E02-M07', 'Casiquiare'),
('E02-M07-P03', 'E02', 'E02-M07', 'Cocuy'),
('E03-M01-P01', 'E03', 'E03-M01', 'Capital Anaco'),
('E03-M01-P02', 'E03', 'E03-M01', 'San Joaquín'),
('E03-M02-P01', 'E03', 'E03-M02', 'Capital Aragua'),
('E03-M02-P02', 'E03', 'E03-M02', 'Cachipo'),
('E03-M03-P01', 'E03', 'E03-M03', 'Capital Fernando de Peñalver'),
('E03-M03-P02', 'E03', 'E03-M03', 'San Miguel'),
('E03-M03-P03', 'E03', 'E03-M03', 'Sucre'),
('E03-M04-P01', 'E03', 'E03-M04', 'Valle de Guanape'),
('E03-M04-P02', 'E03', 'E03-M04', 'Santa Bárbara'),
('E03-M05-P01', 'E03', 'E03-M05', 'Capital Francisco de Miranda'),
('E03-M05-P02', 'E03', 'E03-M05', 'Atapirire'),
('E03-M05-P03', 'E03', 'E03-M05', 'Boca del Pao'),
('E03-M05-P04', 'E03', 'E03-M05', 'El Pao'),
('E03-M05-P05', 'E03', 'E03-M05', 'Múcura'),
('E03-M06-P01', 'E03', 'E03-M06', 'Guanta'),
('E03-M06-P02', 'E03', 'E03-M06', 'Chorrerón'),
('E03-M07-P01', 'E03', 'E03-M07', 'Capital Independencia'),
('E03-M07-P02', 'E03', 'E03-M07', 'Mamo'),
('E03-M08-P01', 'E03', 'E03-M08', 'Capital Puerto La Cruz'),
('E03-M08-P02', 'E03', 'E03-M08', 'Pozuelos'),
('E03-M09-P01', 'E03', 'E03-M09', 'Capital Onoto'),
('E03-M09-P02', 'E03', 'E03-M09', 'San Pablo'),
('E03-M10-P01', 'E03', 'E03-M10', 'Capital José Gregorio Monagas'),
('E03-M10-P02', 'E03', 'E03-M10', 'Piar'),
('E03-M10-P03', 'E03', 'E03-M10', 'San Diego de Cabrutica'),
('E03-M10-P04', 'E03', 'E03-M10', 'Santa Clara'),
('E03-M10-P05', 'E03', 'E03-M10', 'Uverito'),
('E03-M10-P06', 'E03', 'E03-M10', 'Zuata'),
('E03-M11-P01', 'E03', 'E03-M11', 'Capital Libertad'),
('E03-M11-P02', 'E03', 'E03-M11', 'El Carito'),
('E03-M11-P03', 'E03', 'E03-M11', 'Santa Inés'),
('E03-M12-P01', 'E03', 'E03-M12', 'Capital Clarines'),
('E03-M12-P02', 'E03', 'E03-M12', 'Guanape'),
('E03-M12-P03', 'E03', 'E03-M12', 'Sabana de Uchire'),
('E03-M13-P01', 'E03', 'E03-M13', 'Capital Pedro María Freites'),
('E03-M13-P02', 'E03', 'E03-M13', 'Libertador'),
('E03-M13-P03', 'E03', 'E03-M13', 'Santa Rosa'),
('E03-M13-P04', 'E03', 'E03-M13', 'Urica'),
('E03-M14-P01', 'E03', 'E03-M14', 'Capital Píritu'),
('E03-M14-P02', 'E03', 'E03-M14', 'San Francisco'),
('E03-M16-P01', 'E03', 'E03-M16', 'Capital Boca de Uchire'),
('E03-M16-P02', 'E03', 'E03-M16', 'Boca de Chávez'),
('E03-M17-P01', 'E03', 'E03-M17', 'Capital Santa Ana'),
('E03-M17-P02', 'E03', 'E03-M17', 'Pueblo Nuevo'),
('E03-M18-P01', 'E03', 'E03-M18', 'El Carmen'),
('E03-M18-P02', 'E03', 'E03-M18', 'San Cristóbal'),
('E03-M18-P03', 'E03', 'E03-M18', 'Bergantín'),
('E03-M18-P04', 'E03', 'E03-M18', 'Caigua'),
('E03-M18-P05', 'E03', 'E03-M18', 'El Pilar'),
('E03-M18-P06', 'E03', 'E03-M18', 'Naricual'),
('E03-M19-P01', 'E03', 'E03-M19', 'Edmundo Barrios'),
('E03-M19-P02', 'E03', 'E03-M19', 'Miguel Otero Silva'),
('E03-M20-P01', 'E03', 'E03-M20', 'El Chaparro'),
('E03-M20-P02', 'E03', 'E03-M20', 'Tomás Alfaro Calatrava'),
('E03-M21-P01', 'E03', 'E03-M21', 'Lecherías'),
('E03-M21-P02', 'E03', 'E03-M21', 'El Morro'),
('E04-M01-P01', 'E04', 'E04-M01', 'Urbana Achaguas'),
('E04-M01-P02', 'E04', 'E04-M01', 'Apurito'),
('E04-M01-P03', 'E04', 'E04-M01', 'El Yagual'),
('E04-M01-P04', 'E04', 'E04-M01', 'Guachara'),
('E04-M01-P05', 'E04', 'E04-M01', 'Mucuritas'),
('E04-M01-P06', 'E04', 'E04-M01', 'Queseras del Medio'),
('E04-M02-P01', 'E04', 'E04-M02', 'Urbana Biruaca'),
('E04-M03-P01', 'E04', 'E04-M03', 'Urbana Bruzual'),
('E04-M03-P02', 'E04', 'E04-M03', 'Mantecal'),
('E04-M03-P03', 'E04', 'E04-M03', 'Quintero'),
('E04-M03-P04', 'E04', 'E04-M03', 'Rincón Hondo'),
('E04-M03-P05', 'E04', 'E04-M03', 'San Vicente'),
('E04-M04-P01', 'E04', 'E04-M04', 'Urbana Guasdualito'),
('E04-M04-P02', 'E04', 'E04-M04', 'Aramendi'),
('E04-M04-P03', 'E04', 'E04-M04', 'El Amparo'),
('E04-M04-P04', 'E04', 'E04-M04', 'San Camilo'),
('E04-M04-P05', 'E04', 'E04-M04', 'Urdaneta'),
('E04-M05-P01', 'E04', 'E04-M05', 'Urbana San Juan de Payara'),
('E04-M05-P02', 'E04', 'E04-M05', 'Codazzi'),
('E04-M05-P03', 'E04', 'E04-M05', 'Cunaviche'),
('E04-M06-P01', 'E04', 'E04-M06', 'Urbana Elorza'),
('E04-M06-P02', 'E04', 'E04-M06', 'La Trinidad'),
('E04-M07-P01', 'E04', 'E04-M07', 'Urbana San Fernando'),
('E04-M07-P02', 'E04', 'E04-M07', 'El Recreo'),
('E04-M07-P03', 'E04', 'E04-M07', 'Peñalver'),
('E04-M07-P04', 'E04', 'E04-M07', 'San Rafael de Atamaica'),
('E05-M01-P01', 'E05', 'E05-M01', 'San Mateo'),
('E05-M02-P01', 'E05', 'E05-M02', 'Camatagua'),
('E05-M02-P02', 'E05', 'E05-M02', 'No Urbana Carmen de Cura'),
('E05-M03-P02', 'E05', 'E05-M03', 'No Urbana Choroní'),
('E05-M03-P03', 'E05', 'E05-M03', 'Urbana Las Delicias'),
('E05-M03-P04', 'E05', 'E05-M03', 'Urbana Madre María de San José'),
('E05-M03-P05', 'E05', 'E05-M03', 'Urbana Joaquín Crespo'),
('E05-M03-P06', 'E05', 'E05-M03', 'Urbana Pedro José Ovalles'),
('E05-M03-P07', 'E05', 'E05-M03', 'Urbana José Casanova Godoy'),
('E05-M03-P08', 'E05', 'E05-M03', 'Urbana Andrés Eloy Blanco'),
('E05-M03-P09', 'E05', 'E05-M03', 'Urbana Los Tacariguas'),
('E05-M04-P01', 'E05', 'E05-M04', 'Santa Cruz de Aragua'),
('E05-M05-P01', 'E05', 'E05-M05', 'José Félix Ribas'),
('E05-M05-P02', 'E05', 'E05-M05', 'Castor Nieves Ríos'),
('E05-M05-P03', 'E05', 'E05-M05', 'No Urbana Las Guacamayas'),
('E05-M05-P04', 'E05', 'E05-M05', 'No Urbana Pao de Zárate'),
('E05-M05-P05', 'E05', 'E05-M05', 'No Urbana Zuata'),
('E05-M06-P01', 'E05', 'E05-M06', 'El Consejo'),
('E05-M07-P01', 'E05', 'E05-M07', 'Libertador'),
('E05-M07-P02', 'E05', 'E05-M07', 'No Urbana San Martín de Porres'),
('E05-M07-P03', 'E05', 'E05-M07', 'Capital Palo Negro'),
('E05-M08-P01', 'E05', 'E05-M08', 'Mario Briceño Iragorry'),
('E05-M08-P02', 'E05', 'E05-M08', 'Caña de Azúcar'),
('E05-M08-P03', 'E05', 'E05-M08', 'Capital El Limón'),
('E05-M09-P01', 'E05', 'E05-M09', 'San Casimiro'),
('E05-M09-P02', 'E05', 'E05-M09', 'No Urbana Güiripa'),
('E05-M09-P03', 'E05', 'E05-M09', 'No Urbana Ollas de Caramacate'),
('E05-M09-P04', 'E05', 'E05-M09', 'No Urbana Valle Morín'),
('E05-M11-P01', 'E05', 'E05-M11', 'Santiago Mariño'),
('E05-M11-P02', 'E05', 'E05-M11', 'No Urbana Arévalo Aponte'),
('E05-M11-P03', 'E05', 'E05-M11', 'No Urbana Chuao'),
('E05-M11-P04', 'E05', 'E05-M11', 'No Urbana Samán de Güere'),
('E05-M11-P05', 'E05', 'E05-M11', 'No Urbana Alfredo Pacheco Miranda'),
('E05-M11-P06', 'E05', 'E05-M11', 'Capital Turmero'),
('E05-M12-P01', 'E05', 'E05-M12', 'Santos Michelena'),
('E05-M12-P02', 'E05', 'E05-M12', 'No Urbana Tiara'),
('E05-M13-P01', 'E05', 'E05-M13', 'Sucre'),
('E05-M13-P02', 'E05', 'E05-M13', 'No Urbana Bella Vista'),
('E05-M14-P01', 'E05', 'E05-M14', 'Colonia Tovar'),
('E05-M15-P01', 'E05', 'E05-M15', 'Urdaneta'),
('E05-M15-P02', 'E05', 'E05-M15', 'No Urbana Las Peñitas'),
('E05-M15-P03', 'E05', 'E05-M15', 'No Urbana San Francisco de Cara'),
('E05-M15-P04', 'E05', 'E05-M15', 'No Urbana Taguay'),
('E05-M16-P01', 'E05', 'E05-M16', 'Zamora'),
('E05-M16-P02', 'E05', 'E05-M16', 'No Urbana Magdaleno'),
('E05-M16-P03', 'E05', 'E05-M16', 'No Urbana San Francisco de Asís'),
('E05-M16-P04', 'E05', 'E05-M16', 'No Urbana Valles de Tucutunemo'),
('E05-M16-P05', 'E05', 'E05-M16', 'No Urbana Augusto Mijares'),
('E05-M16-P06', 'E05', 'E05-M16', 'Capital Villa de Cura'),
('E05-M17-P01', 'E05', 'E05-M17', 'Francisco Linares Alcántara'),
('E05-M17-P02', 'E05', 'E05-M17', 'No Urbana Francisco de Miranda'),
('E05-M17-P03', 'E05', 'E05-M17', 'No Urbana Monseñor Feliciano González'),
('E05-M17-P04', 'E05', 'E05-M17', 'Capital Santa Rita'),
('E05-M18-P01', 'E05', 'E05-M18', 'Ocumare de La Costa'),
('E06-M01-P01', 'E06', 'E06-M01', 'Sabaneta'),
('E06-M01-P02', 'E06', 'E06-M01', 'Rodríguez Domínguez'),
('E06-M02-P01', 'E06', 'E06-M02', 'Ticoporo'),
('E06-M02-P02', 'E06', 'E06-M02', 'Andrés Bello'),
('E06-M02-P03', 'E06', 'E06-M02', 'Nicolás Pulido'),
('E06-M03-P01', 'E06', 'E06-M03', 'Arismendi'),
('E06-M03-P02', 'E06', 'E06-M03', 'Guadarrama'),
('E06-M03-P03', 'E06', 'E06-M03', 'La Unión'),
('E06-M03-P04', 'E06', 'E06-M03', 'San Antonio'),
('E06-M04-P01', 'E06', 'E06-M04', 'Barinas'),
('E06-M04-P02', 'E06', 'E06-M04', 'Alfredo Arvelo Larriva'),
('E06-M04-P03', 'E06', 'E06-M04', 'San Silvestre'),
('E06-M04-P04', 'E06', 'E06-M04', 'Santa Inés'),
('E06-M04-P05', 'E06', 'E06-M04', 'Santa Lucía'),
('E06-M04-P06', 'E06', 'E06-M04', 'Torunos'),
('E06-M04-P07', 'E06', 'E06-M04', 'El Carmen'),
('E06-M04-P08', 'E06', 'E06-M04', 'Rómulo Betancourt'),
('E06-M04-P09', 'E06', 'E06-M04', 'Corazón de Jesús'),
('E06-M04-P10', 'E06', 'E06-M04', 'Ramón Ignacio Méndez'),
('E06-M04-P11', 'E06', 'E06-M04', 'Alto Barinas'),
('E06-M04-P12', 'E06', 'E06-M04', 'Manuel Palacio Fajardo'),
('E06-M04-P13', 'E06', 'E06-M04', 'Juan Antonio Rodríguez Domínguez'),
('E06-M04-P14', 'E06', 'E06-M04', 'Dominga Ortiz de Páez'),
('E06-M05-P01', 'E06', 'E06-M05', 'Barinitas'),
('E06-M05-P02', 'E06', 'E06-M05', 'Altamira'),
('E06-M05-P03', 'E06', 'E06-M05', 'Calderas'),
('E06-M06-P01', 'E06', 'E06-M06', 'Barrancas'),
('E06-M06-P02', 'E06', 'E06-M06', 'El Socorro'),
('E06-M06-P03', 'E06', 'E06-M06', 'Masparrito'),
('E06-M07-P01', 'E06', 'E06-M07', 'Santa Bárbara'),
('E06-M07-P02', 'E06', 'E06-M07', 'José Ignacio Del Pumar'),
('E06-M07-P03', 'E06', 'E06-M07', 'Pedro Briceño Méndez'),
('E06-M07-P04', 'E06', 'E06-M07', 'Ramón Ignacio Méndez'),
('E06-M08-P01', 'E06', 'E06-M08', 'Obispos'),
('E06-M08-P02', 'E06', 'E06-M08', 'El Real'),
('E06-M08-P03', 'E06', 'E06-M08', 'La Luz'),
('E06-M08-P04', 'E06', 'E06-M08', 'Los Guasimitos'),
('E06-M09-P01', 'E06', 'E06-M09', 'Ciudad Bolivia'),
('E06-M09-P02', 'E06', 'E06-M09', 'Ignacio Briceño'),
('E06-M09-P03', 'E06', 'E06-M09', 'José Félix Ribas'),
('E06-M09-P04', 'E06', 'E06-M09', 'José Antonio Páez'),
('E06-M10-P01', 'E06', 'E06-M10', 'Libertad'),
('E06-M10-P02', 'E06', 'E06-M10', 'Dolores'),
('E06-M10-P03', 'E06', 'E06-M10', 'Palacios Fajardo'),
('E06-M10-P04', 'E06', 'E06-M10', 'Santa Rosa'),
('E06-M10-P05', 'E06', 'E06-M10', 'Simón Rodríguez'),
('E06-M11-P01', 'E06', 'E06-M11', 'Ciudad de Nutrias'),
('E06-M11-P02', 'E06', 'E06-M11', 'El Regalo'),
('E06-M11-P03', 'E06', 'E06-M11', 'Puerto de Nutrias'),
('E06-M11-P04', 'E06', 'E06-M11', 'Santa Catalina'),
('E06-M11-P05', 'E06', 'E06-M11', 'Simón Bolívar'),
('E06-M12-P01', 'E06', 'E06-M12', 'El Cantón'),
('E06-M12-P02', 'E06', 'E06-M12', 'Santa Cruz de Guacas'),
('E06-M12-P03', 'E06', 'E06-M12', 'Puerto Vivas'),
('E06-M13-P01', 'E06', 'E06-M13', 'José Antonio Páez'),
('E06-M13-P02', 'E06', 'E06-M13', 'Santa Rosalía'),
('E06-M13-P03', 'E06', 'E06-M13', 'Dominga Ortiz de Páez'),
('E07-M01-P01', 'E07', 'E07-M01', 'Cachamay'),
('E07-M01-P02', 'E07', 'E07-M01', 'Chirica'),
('E07-M01-P03', 'E07', 'E07-M01', 'Dalla Costa'),
('E07-M01-P04', 'E07', 'E07-M01', 'Once de Abril'),
('E07-M01-P05', 'E07', 'E07-M01', 'Simón Bolívar'),
('E07-M01-P06', 'E07', 'E07-M01', 'Unare'),
('E07-M01-P07', 'E07', 'E07-M01', 'Universidad'),
('E07-M01-P08', 'E07', 'E07-M01', 'Vista al Sol'),
('E07-M01-P09', 'E07', 'E07-M01', 'Pozo Verde'),
('E07-M01-P10', 'E07', 'E07-M01', 'Yocoima'),
('E07-M02-P01', 'E07', 'E07-M02', 'Sección Capital Cedeño'),
('E07-M02-P02', 'E07', 'E07-M02', 'Altagracia'),
('E07-M02-P03', 'E07', 'E07-M02', 'Ascensión Farreras'),
('E07-M02-P04', 'E07', 'E07-M02', 'Guaniamo'),
('E07-M02-P05', 'E07', 'E07-M02', 'La Urbana'),
('E07-M02-P06', 'E07', 'E07-M02', 'Pijiguaos'),
('E07-M03-P01', 'E07', 'E07-M03', 'El Callao'),
('E07-M04-P01', 'E07', 'E07-M04', 'Sección Capital Gran Sabana'),
('E07-M04-P02', 'E07', 'E07-M04', 'Ikabarú'),
('E07-M05-P01', 'E07', 'E07-M05', 'Agua Salada'),
('E07-M05-P02', 'E07', 'E07-M05', 'Catedral'),
('E07-M05-P03', 'E07', 'E07-M05', 'José Antonio Páez'),
('E07-M05-P04', 'E07', 'E07-M05', 'La Sabanita'),
('E07-M05-P05', 'E07', 'E07-M05', 'Marhuanta'),
('E07-M05-P06', 'E07', 'E07-M05', 'Vista Hermosa'),
('E07-M05-P07', 'E07', 'E07-M05', 'Orinoco'),
('E07-M05-P08', 'E07', 'E07-M05', 'Panapana'),
('E07-M05-P09', 'E07', 'E07-M05', 'Zea'),
('E07-M06-P01', 'E07', 'E07-M06', 'Sección Capital Piar'),
('E07-M06-P02', 'E07', 'E07-M06', 'Andrés Eloy Blanco'),
('E07-M06-P03', 'E07', 'E07-M06', 'Pedro Cova'),
('E07-M07-P01', 'E07', 'E07-M07', 'Sección Capital Raúl Leoni'),
('E07-M07-P02', 'E07', 'E07-M07', 'Barceloneta'),
('E07-M07-P03', 'E07', 'E07-M07', 'San Francisco'),
('E07-M07-P04', 'E07', 'E07-M07', 'Santa Bárbara'),
('E07-M08-P01', 'E07', 'E07-M08', 'Sección Capital Roscio'),
('E07-M08-P02', 'E07', 'E07-M08', 'Salom'),
('E07-M09-P01', 'E07', 'E07-M09', 'Sección Capital Sifontes'),
('E07-M09-P02', 'E07', 'E07-M09', 'Dalla Costa'),
('E07-M09-P03', 'E07', 'E07-M09', 'San Isidro'),
('E07-M10-P01', 'E07', 'E07-M10', 'Sección Capital Sucre'),
('E07-M10-P02', 'E07', 'E07-M10', 'Aripao'),
('E07-M10-P03', 'E07', 'E07-M10', 'Guarataro'),
('E07-M10-P04', 'E07', 'E07-M10', 'Las Majadas'),
('E07-M10-P05', 'E07', 'E07-M10', 'Moitaco'),
('E07-M11-P01', 'E07', 'E07-M11', 'El Palmar'),
('E08-M01-P01', 'E08', 'E08-M01', 'Urbana Bejuma'),
('E08-M01-P02', 'E08', 'E08-M01', 'No Urbana Canoabo'),
('E08-M01-P03', 'E08', 'E08-M01', 'No Urbana Simón Bolívar'),
('E08-M02-P01', 'E08', 'E08-M02', 'Urbana Güigüe'),
('E08-M02-P02', 'E08', 'E08-M02', 'No Urbana Belén'),
('E08-M02-P03', 'E08', 'E08-M02', 'No Urbana Tacarigua'),
('E08-M03-P01', 'E08', 'E08-M03', 'Urbana Aguas Calientes'),
('E08-M03-P02', 'E08', 'E08-M03', 'Urbana Mariara'),
('E08-M04-P01', 'E08', 'E08-M04', 'Urbana Ciudad Alianza'),
('E08-M04-P02', 'E08', 'E08-M04', 'Urbana Guacara'),
('E08-M04-P03', 'E08', 'E08-M04', 'No Urbana Yagua'),
('E08-M05-P01', 'E08', 'E08-M05', 'Urbana Morón'),
('E08-M05-P02', 'E08', 'E08-M05', 'No Urbana Urama'),
('E08-M06-P01', 'E08', 'E08-M06', 'Urbana Tocuyito'),
('E08-M06-P02', 'E08', 'E08-M06', 'Urbana Independencia'),
('E08-M07-P01', 'E08', 'E08-M07', 'Urbana Los Guayos'),
('E08-M08-P01', 'E08', 'E08-M08', 'Urbana Miranda'),
('E08-M09-P01', 'E08', 'E08-M09', 'Urbana Montalbán'),
('E08-M10-P01', 'E08', 'E08-M10', 'Urbana Naguanagua'),
('E08-M11-P01', 'E08', 'E08-M11', 'Urbana Bartolomé Salom'),
('E08-M11-P02', 'E08', 'E08-M11', 'Urbana Democracia'),
('E08-M11-P03', 'E08', 'E08-M11', 'Urbana Fraternidad'),
('E08-M11-P04', 'E08', 'E08-M11', 'Urbana Goaigoaza'),
('E08-M11-P05', 'E08', 'E08-M11', 'Urbana Juan José Flores'),
('E08-M11-P06', 'E08', 'E08-M11', 'Urbana Unión'),
('E08-M11-P07', 'E08', 'E08-M11', 'No Urbana Borburata'),
('E08-M11-P08', 'E08', 'E08-M11', 'No Urbana Patanemo'),
('E08-M12-P01', 'E08', 'E08-M12', 'Urbana San Diego'),
('E08-M13-P01', 'E08', 'E08-M13', 'Urbana San Joaquín'),
('E08-M14-P01', 'E08', 'E08-M14', 'Urbana Candelaria'),
('E08-M14-P02', 'E08', 'E08-M14', 'Urbana Catedral'),
('E08-M14-P03', 'E08', 'E08-M14', 'Urbana El Socorro'),
('E08-M14-P04', 'E08', 'E08-M14', 'Urbana Miguel Peña'),
('E08-M14-P05', 'E08', 'E08-M14', 'Urbana Rafael Urdaneta'),
('E08-M14-P06', 'E08', 'E08-M14', 'Urbana San Blas'),
('E08-M14-P07', 'E08', 'E08-M14', 'Urbana San José'),
('E08-M14-P08', 'E08', 'E08-M14', 'Urbana Santa Rosa'),
('E08-M15-P01', 'E08', 'E08-M15', 'Urbana Miguel Peña'),
('E08-M15-P02', 'E08', 'E08-M15', 'No Urbana Negro Primero'),
('E09-M01-P01', 'E09', 'E09-M01', 'Cojedes'),
('E09-M01-P02', 'E09', 'E09-M01', 'Juan de Mata Suárez'),
('E09-M02-P01', 'E09', 'E09-M02', 'Tinaquillo'),
('E09-M03-P01', 'E09', 'E09-M03', 'El Baúl'),
('E09-M03-P02', 'E09', 'E09-M03', 'Sucre'),
('E09-M04-P01', 'E09', 'E09-M04', 'Macapo'),
('E09-M04-P02', 'E09', 'E09-M04', 'La Aguadita'),
('E09-M05-P01', 'E09', 'E09-M05', 'El Pao'),
('E09-M06-P01', 'E09', 'E09-M06', 'Libertad de Cojedes'),
('E09-M06-P02', 'E09', 'E09-M06', 'El Amparo'),
('E09-M07-P01', 'E09', 'E09-M07', 'Rómulo Gallegos'),
('E09-M08-P01', 'E09', 'E09-M08', 'San Carlos de Austria'),
('E09-M08-P02', 'E09', 'E09-M08', 'Juan Angel Bravo'),
('E09-M08-P03', 'E09', 'E09-M08', 'Manuel Manrique'),
('E09-M09-P01', 'E09', 'E09-M09', 'General en Jefe José Laurencio Silva'),
('E10-M01-P01', 'E10', 'E10-M01', 'Curiapo'),
('E10-M01-P02', 'E10', 'E10-M01', 'Almirante Luis Brión'),
('E10-M01-P03', 'E10', 'E10-M01', 'Francisco Aniceto Lugo'),
('E10-M01-P04', 'E10', 'E10-M01', 'Manuel Renaud'),
('E10-M01-P05', 'E10', 'E10-M01', 'Padre Barral'),
('E10-M01-P06', 'E10', 'E10-M01', 'Santos de Abelgas'),
('E10-M02-P01', 'E10', 'E10-M02', 'Imataca'),
('E10-M02-P02', 'E10', 'E10-M02', 'Cinco de Julio'),
('E10-M02-P03', 'E10', 'E10-M02', 'Juan Bautista Arismendi'),
('E10-M02-P04', 'E10', 'E10-M02', 'Manuel Piar'),
('E10-M02-P05', 'E10', 'E10-M02', 'Rómulo Gallegos'),
('E10-M03-P01', 'E10', 'E10-M03', 'Pedernales'),
('E10-M03-P02', 'E10', 'E10-M03', 'Luis Beltrán Prieto Figueroa'),
('E10-M04-P01', 'E10', 'E10-M04', 'San José'),
('E10-M04-P02', 'E10', 'E10-M04', 'José Vidal Marcano'),
('E10-M04-P03', 'E10', 'E10-M04', 'Juan Millán'),
('E10-M04-P04', 'E10', 'E10-M04', 'Leonardo Ruíz Pineda'),
('E10-M04-P05', 'E10', 'E10-M04', 'Mariscal Antonio José de Sucre'),
('E10-M04-P06', 'E10', 'E10-M04', 'Monseñor Argimiro García'),
('E10-M04-P07', 'E10', 'E10-M04', 'San Rafael'),
('E10-M04-P08', 'E10', 'E10-M04', 'Virgen del Valle'),
('E11-M01-P01', 'E11', 'E11-M01', 'San Juan de los Cayos'),
('E11-M01-P02', 'E11', 'E11-M01', 'Capadare'),
('E11-M01-P03', 'E11', 'E11-M01', 'La Pastora'),
('E11-M01-P04', 'E11', 'E11-M01', 'Libertador'),
('E11-M02-P01', 'E11', 'E11-M02', 'San Luis'),
('E11-M02-P02', 'E11', 'E11-M02', 'Aracua'),
('E11-M02-P03', 'E11', 'E11-M02', 'La Peña'),
('E11-M03-P01', 'E11', 'E11-M03', 'Capatárida'),
('E11-M03-P02', 'E11', 'E11-M03', 'Bariro'),
('E11-M03-P03', 'E11', 'E11-M03', 'Borojó'),
('E11-M03-P04', 'E11', 'E11-M03', 'Guajiro'),
('E11-M03-P05', 'E11', 'E11-M03', 'Seque'),
('E11-M03-P06', 'E11', 'E11-M03', 'Zazárida'),
('E11-M04-P01', 'E11', 'E11-M04', 'Yaracal'),
('E11-M04-P02', 'E11', 'E11-M04', 'Miririto'),
('E11-M05-P01', 'E11', 'E11-M05', 'Carirubana'),
('E11-M05-P02', 'E11', 'E11-M05', 'Norte'),
('E11-M05-P03', 'E11', 'E11-M05', 'Punta Cardón'),
('E11-M05-P04', 'E11', 'E11-M05', 'Santa Ana'),
('E11-M06-P01', 'E11', 'E11-M06', 'La Vela de Coro'),
('E11-M06-P02', 'E11', 'E11-M06', 'Acurigua'),
('E11-M06-P03', 'E11', 'E11-M06', 'Guaibacoa'),
('E11-M06-P04', 'E11', 'E11-M06', 'Las Calderas'),
('E11-M06-P05', 'E11', 'E11-M06', 'Macoruca'),
('E11-M07-P01', 'E11', 'E11-M07', 'Dabajuro'),
('E11-M08-P01', 'E11', 'E11-M08', 'Pedregal'),
('E11-M08-P02', 'E11', 'E11-M08', 'Agua Clara'),
('E11-M08-P03', 'E11', 'E11-M08', 'Avaria'),
('E11-M08-P04', 'E11', 'E11-M08', 'Piedra Grande'),
('E11-M08-P05', 'E11', 'E11-M08', 'Purureche'),
('E11-M09-P01', 'E11', 'E11-M09', 'Pueblo Nuevo'),
('E11-M09-P02', 'E11', 'E11-M09', 'Adícora'),
('E11-M09-P03', 'E11', 'E11-M09', 'Baraived'),
('E11-M09-P04', 'E11', 'E11-M09', 'Buena Vista'),
('E11-M09-P05', 'E11', 'E11-M09', 'Jadacaquiva'),
('E11-M09-P06', 'E11', 'E11-M09', 'Moruy'),
('E11-M09-P07', 'E11', 'E11-M09', 'Adaure'),
('E11-M09-P08', 'E11', 'E11-M09', 'El Hato'),
('E11-M09-P09', 'E11', 'E11-M09', 'El Vínculo'),
('E11-M10-P01', 'E11', 'E11-M10', 'Churuguara'),
('E11-M10-P02', 'E11', 'E11-M10', 'Agua Larga'),
('E11-M10-P03', 'E11', 'E11-M10', 'El Paují'),
('E11-M10-P04', 'E11', 'E11-M10', 'Independencia'),
('E11-M10-P05', 'E11', 'E11-M10', 'Mapararí'),
('E11-M11-P01', 'E11', 'E11-M11', 'Jacura'),
('E11-M11-P02', 'E11', 'E11-M11', 'Agua Linda'),
('E11-M11-P03', 'E11', 'E11-M11', 'Araurima'),
('E11-M12-P01', 'E11', 'E11-M12', 'Los Taques'),
('E11-M12-P02', 'E11', 'E11-M12', 'Judibana'),
('E11-M13-P01', 'E11', 'E11-M13', 'Mene de Mauroa'),
('E11-M13-P02', 'E11', 'E11-M13', 'Casigua'),
('E11-M13-P03', 'E11', 'E11-M13', 'San Félix'),
('E11-M14-P01', 'E11', 'E11-M14', 'San Antonio'),
('E11-M14-P02', 'E11', 'E11-M14', 'San Gabriel'),
('E11-M14-P03', 'E11', 'E11-M14', 'Santa Ana'),
('E11-M14-P04', 'E11', 'E11-M14', 'Guzmán Guillermo'),
('E11-M14-P05', 'E11', 'E11-M14', 'Mitare'),
('E11-M14-P06', 'E11', 'E11-M14', 'Río Seco'),
('E11-M14-P07', 'E11', 'E11-M14', 'Sabaneta'),
('E11-M15-P01', 'E11', 'E11-M15', 'Chichiriviche'),
('E11-M15-P02', 'E11', 'E11-M15', 'Boca de Tocuyo'),
('E11-M15-P03', 'E11', 'E11-M15', 'Tocuyo de la Costa'),
('E11-M16-P01', 'E11', 'E11-M16', 'Palmasola'),
('E11-M17-P01', 'E11', 'E11-M17', 'Cabure'),
('E11-M17-P02', 'E11', 'E11-M17', 'Colina'),
('E11-M17-P03', 'E11', 'E11-M17', 'Curimagua'),
('E11-M18-P01', 'E11', 'E11-M18', 'Píritu'),
('E11-M18-P02', 'E11', 'E11-M18', 'San José de la Costa'),
('E11-M19-P01', 'E11', 'E11-M19', 'Mirimiri'),
('E11-M20-P01', 'E11', 'E11-M20', 'Tucacas'),
('E11-M20-P02', 'E11', 'E11-M20', 'Boca de Aroa'),
('E11-M21-P01', 'E11', 'E11-M21', 'Sucre'),
('E11-M21-P02', 'E11', 'E11-M21', 'Pecaya'),
('E11-M22-P01', 'E11', 'E11-M22', 'Tocópero'),
('E11-M23-P01', 'E11', 'E11-M23', 'Santa Cruz de Bucaral'),
('E11-M23-P02', 'E11', 'E11-M23', 'El Charal'),
('E11-M23-P03', 'E11', 'E11-M23', 'Las Vegas del Tuy'),
('E11-M24-P01', 'E11', 'E11-M24', 'Urumaco'),
('E11-M24-P02', 'E11', 'E11-M24', 'Bruzual'),
('E11-M25-P01', 'E11', 'E11-M25', 'Puerto Cumarebo'),
('E11-M25-P02', 'E11', 'E11-M25', 'La Ciénaga'),
('E11-M25-P03', 'E11', 'E11-M25', 'La Soledad'),
('E11-M25-P04', 'E11', 'E11-M25', 'Pueblo Cumarebo'),
('E11-M25-P05', 'E11', 'E11-M25', 'Zazárida'),
('E12-M01-P01', 'E12', 'E12-M01', 'Capital Camaguán'),
('E12-M01-P02', 'E12', 'E12-M01', 'Puerto Miranda'),
('E12-M01-P03', 'E12', 'E12-M01', 'Uverito'),
('E12-M02-P01', 'E12', 'E12-M02', 'Chaguaramas'),
('E12-M03-P01', 'E12', 'E12-M03', 'El Socorro'),
('E12-M04-P01', 'E12', 'E12-M04', 'Capital San Gerónimo de Guayabal'),
('E12-M04-P02', 'E12', 'E12-M04', 'Cazorla'),
('E12-M05-P01', 'E12', 'E12-M05', 'Capital Valle de La Pascua'),
('E12-M05-P02', 'E12', 'E12-M05', 'Espino'),
('E12-M06-P01', 'E12', 'E12-M06', 'Capital Las Mercedes'),
('E12-M06-P02', 'E12', 'E12-M06', 'Cabruta'),
('E12-M06-P03', 'E12', 'E12-M06', 'Santa Rita de Manapire'),
('E12-M07-P01', 'E12', 'E12-M07', 'Capital El Sombrero'),
('E12-M07-P02', 'E12', 'E12-M07', 'Sosa'),
('E12-M08-P01', 'E12', 'E12-M08', 'Capital Calabozo'),
('E12-M08-P02', 'E12', 'E12-M08', 'El Calvario'),
('E12-M08-P03', 'E12', 'E12-M08', 'El Rastro'),
('E12-M08-P04', 'E12', 'E12-M08', 'Guardatinajas'),
('E12-M09-P01', 'E12', 'E12-M09', 'Capital Altagracia de Orituco'),
('E12-M09-P02', 'E12', 'E12-M09', 'Lezama'),
('E12-M09-P03', 'E12', 'E12-M09', 'Libertad de Orituco'),
('E12-M09-P04', 'E12', 'E12-M09', 'Paso Real de Macaira'),
('E12-M09-P05', 'E12', 'E12-M09', 'San Francisco de Macaira'),
('E12-M09-P06', 'E12', 'E12-M09', 'San Rafael de Orituco'),
('E12-M09-P07', 'E12', 'E12-M09', 'Soublette'),
('E12-M10-P01', 'E12', 'E12-M10', 'Capital Ortiz'),
('E12-M10-P02', 'E12', 'E12-M10', 'San Francisco de Tiznado'),
('E12-M10-P03', 'E12', 'E12-M10', 'San José de Tiznado'),
('E12-M10-P04', 'E12', 'E12-M10', 'San Lorenzo de Tiznado'),
('E12-M11-P01', 'E12', 'E12-M11', 'Capital Tucupido'),
('E12-M11-P02', 'E12', 'E12-M11', 'San Rafael de Laya'),
('E12-M12-P01', 'E12', 'E12-M12', 'Capital San Juan de Los Morros'),
('E12-M12-P02', 'E12', 'E12-M12', 'Cantagallo'),
('E12-M12-P03', 'E12', 'E12-M12', 'Parapara'),
('E12-M13-P01', 'E12', 'E12-M13', 'San José de Guaribe'),
('E12-M14-P01', 'E12', 'E12-M14', 'Capital Santa María de Ipire'),
('E12-M14-P02', 'E12', 'E12-M14', 'Altamira'),
('E12-M15-P01', 'E12', 'E12-M15', 'Capital Zaraza'),
('E12-M15-P02', 'E12', 'E12-M15', 'San José de Unare'),
('E13-M01-P01', 'E13', 'E13-M01', 'Pío Tamayo'),
('E13-M01-P02', 'E13', 'E13-M01', 'Quebrada Honda de Guache'),
('E13-M01-P03', 'E13', 'E13-M01', 'Yacambú'),
('E13-M02-P01', 'E13', 'E13-M02', 'Fréitez'),
('E13-M02-P02', 'E13', 'E13-M02', 'José María Blanco'),
('E13-M03-P01', 'E13', 'E13-M03', 'Catedral'),
('E13-M03-P02', 'E13', 'E13-M03', 'Concepción'),
('E13-M03-P03', 'E13', 'E13-M03', 'El Cují'),
('E13-M03-P04', 'E13', 'E13-M03', 'Juan de Villegas'),
('E13-M03-P05', 'E13', 'E13-M03', 'Santa Rosa'),
('E13-M03-P06', 'E13', 'E13-M03', 'Tamaca'),
('E13-M03-P07', 'E13', 'E13-M03', 'Unión'),
('E13-M03-P08', 'E13', 'E13-M03', 'Aguedo Felipe Alvarado'),
('E13-M03-P09', 'E13', 'E13-M03', 'Buena Vista'),
('E13-M03-P10', 'E13', 'E13-M03', 'Juárez'),
('E13-M04-P01', 'E13', 'E13-M04', 'Juan Bautista Rodríguez'),
('E13-M04-P02', 'E13', 'E13-M04', 'Cuara'),
('E13-M04-P03', 'E13', 'E13-M04', 'Diego de Lozada'),
('E13-M04-P04', 'E13', 'E13-M04', 'Paraíso de San José'),
('E13-M04-P05', 'E13', 'E13-M04', 'San Miguel'),
('E13-M04-P06', 'E13', 'E13-M04', 'Tintorero'),
('E13-M04-P07', 'E13', 'E13-M04', 'José Bernardo Dorante'),
('E13-M04-P08', 'E13', 'E13-M04', 'Coronel Mariano Peraza'),
('E13-M05-P01', 'E13', 'E13-M05', 'Bolívar'),
('E13-M05-P02', 'E13', 'E13-M05', 'Anzoátegui'),
('E13-M05-P03', 'E13', 'E13-M05', 'Guarico'),
('E13-M05-P04', 'E13', 'E13-M05', 'Hilario Luna y Luna'),
('E13-M05-P05', 'E13', 'E13-M05', 'Humocaro Alto'),
('E13-M05-P06', 'E13', 'E13-M05', 'Humocaro Bajo'),
('E13-M05-P07', 'E13', 'E13-M05', 'La Candelaria'),
('E13-M05-P08', 'E13', 'E13-M05', 'Morán'),
('E13-M06-P01', 'E13', 'E13-M06', 'Cabudare'),
('E13-M06-P02', 'E13', 'E13-M06', 'José Gregorio Bastidas'),
('E13-M06-P03', 'E13', 'E13-M06', 'Agua Viva'),
('E13-M07-P01', 'E13', 'E13-M07', 'Sarare'),
('E13-M07-P02', 'E13', 'E13-M07', 'Buría'),
('E13-M07-P03', 'E13', 'E13-M07', 'Gustavo Vegas León'),
('E13-M08-P01', 'E13', 'E13-M08', 'Trinidad Samuel'),
('E13-M08-P02', 'E13', 'E13-M08', 'Antonio Díaz'),
('E13-M08-P03', 'E13', 'E13-M08', 'Camacaro'),
('E13-M08-P04', 'E13', 'E13-M08', 'Castañeda'),
('E13-M08-P05', 'E13', 'E13-M08', 'Cecilio Zubillaga'),
('E13-M08-P06', 'E13', 'E13-M08', 'Chiquinquirá'),
('E13-M08-P07', 'E13', 'E13-M08', 'El Blanco'),
('E13-M08-P08', 'E13', 'E13-M08', 'Espinoza de los Monteros'),
('E13-M08-P09', 'E13', 'E13-M08', 'Lara'),
('E13-M08-P10', 'E13', 'E13-M08', 'Las Mercedes'),
('E13-M08-P11', 'E13', 'E13-M08', 'Manuel Morillo'),
('E13-M08-P12', 'E13', 'E13-M08', 'Montaña Verde'),
('E13-M08-P13', 'E13', 'E13-M08', 'Montes de Oca'),
('E13-M08-P14', 'E13', 'E13-M08', 'Torres'),
('E13-M08-P15', 'E13', 'E13-M08', 'Heriberto Arroyo'),
('E13-M08-P16', 'E13', 'E13-M08', 'Reyes Vargas'),
('E13-M08-P17', 'E13', 'E13-M08', 'Altagracia'),
('E13-M09-P01', 'E13', 'E13-M09', 'Siquisique'),
('E13-M09-P02', 'E13', 'E13-M09', 'Moroturo'),
('E13-M09-P03', 'E13', 'E13-M09', 'San Miguel'),
('E13-M09-P04', 'E13', 'E13-M09', 'Xaguas'),
('E14-M01-P01', 'E14', 'E14-M01', 'Presidente Betancourt'),
('E14-M01-P02', 'E14', 'E14-M01', 'Presidente Páez'),
('E14-M01-P03', 'E14', 'E14-M01', 'Presidente Rómulo Gallegos'),
('E14-M01-P04', 'E14', 'E14-M01', 'Gabriel Picón González'),
('E14-M01-P05', 'E14', 'E14-M01', 'Héctor Amable Mora'),
('E14-M01-P06', 'E14', 'E14-M01', 'José Nucete Sardi'),
('E14-M01-P07', 'E14', 'E14-M01', 'Pulido Méndez'),
('E14-M02-P01', 'E14', 'E14-M02', 'La Azulita'),
('E14-M03-P01', 'E14', 'E14-M03', 'Capital Antonio Pinto Salinas'),
('E14-M03-P02', 'E14', 'E14-M03', 'Mesa Bolívar'),
('E14-M03-P03', 'E14', 'E14-M03', 'Mesa de Las Palmas'),
('E14-M04-P01', 'E14', 'E14-M04', 'Capital Aricagua'),
('E14-M04-P02', 'E14', 'E14-M04', 'San Antonio'),
('E14-M05-P01', 'E14', 'E14-M05', 'Capital Arzobispo Chacón'),
('E14-M05-P02', 'E14', 'E14-M05', 'Capurí'),
('E14-M05-P03', 'E14', 'E14-M05', 'Chacantá'),
('E14-M05-P04', 'E14', 'E14-M05', 'El Molino'),
('E14-M05-P05', 'E14', 'E14-M05', 'Guaimaral'),
('E14-M05-P06', 'E14', 'E14-M05', 'Mucutuy'),
('E14-M05-P07', 'E14', 'E14-M05', 'Mucuchachí'),
('E14-M06-P01', 'E14', 'E14-M06', 'Fernández Peña'),
('E14-M06-P02', 'E14', 'E14-M06', 'Matriz'),
('E14-M06-P03', 'E14', 'E14-M06', 'Montalbán'),
('E14-M06-P04', 'E14', 'E14-M06', 'Acequias'),
('E14-M06-P05', 'E14', 'E14-M06', 'Jají'),
('E14-M06-P06', 'E14', 'E14-M06', 'La Mesa'),
('E14-M06-P07', 'E14', 'E14-M06', 'San José del Sur'),
('E14-M07-P01', 'E14', 'E14-M07', 'Capital Caracciolo Parra Olmedo'),
('E14-M07-P02', 'E14', 'E14-M07', 'Florencio Ramírez'),
('E14-M08-P01', 'E14', 'E14-M08', 'Capital Cardenal Quintero'),
('E14-M08-P02', 'E14', 'E14-M08', 'Las Piedras'),
('E14-M09-P01', 'E14', 'E14-M09', 'Capital Guaraque'),
('E14-M09-P02', 'E14', 'E14-M09', 'Mesa de Quintero'),
('E14-M09-P03', 'E14', 'E14-M09', 'Río Negro'),
('E14-M10-P01', 'E14', 'E14-M10', 'Capital Julio César Salas'),
('E14-M10-P02', 'E14', 'E14-M10', 'Palmira'),
('E14-M11-P01', 'E14', 'E14-M11', 'Capital Justo Briceño'),
('E14-M11-P02', 'E14', 'E14-M11', 'San Cristóbal de Torondoy'),
('E14-M12-P01', 'E14', 'E14-M12', 'Antonio Spinetti Dini'),
('E14-M12-P02', 'E14', 'E14-M12', 'Arias'),
('E14-M12-P03', 'E14', 'E14-M12', 'Caracciolo Parra Pérez'),
('E14-M12-P04', 'E14', 'E14-M12', 'Domingo Peña'),
('E14-M12-P05', 'E14', 'E14-M12', 'El Llano'),
('E14-M12-P06', 'E14', 'E14-M12', 'Gonzalo Picón Febres'),
('E14-M12-P07', 'E14', 'E14-M12', 'Jacinto Plaza'),
('E14-M12-P08', 'E14', 'E14-M12', 'Juan Rodríguez Suárez'),
('E14-M12-P09', 'E14', 'E14-M12', 'Lasso de la Vega'),
('E14-M12-P10', 'E14', 'E14-M12', 'Mariano Picón Salas'),
('E14-M12-P11', 'E14', 'E14-M12', 'Milla'),
('E14-M12-P12', 'E14', 'E14-M12', 'Osuna Rodríguez'),
('E14-M12-P13', 'E14', 'E14-M12', 'Sagrario'),
('E14-M12-P14', 'E14', 'E14-M12', 'El Morro'),
('E14-M12-P15', 'E14', 'E14-M12', 'Los Nevados'),
('E14-M13-P01', 'E14', 'E14-M13', 'Capital Miranda'),
('E14-M13-P02', 'E14', 'E14-M13', 'Andrés Eloy Blanco'),
('E14-M13-P03', 'E14', 'E14-M13', 'La Venta'),
('E14-M13-P04', 'E14', 'E14-M13', 'Piñango'),
('E14-M14-P01', 'E14', 'E14-M14', 'Capital Obispo Ramos de Lora'),
('E14-M14-P02', 'E14', 'E14-M14', 'Eloy Paredes'),
('E14-M14-P03', 'E14', 'E14-M14', 'San Rafael de Alcázar'),
('E14-M15-P01', 'E14', 'E14-M15', 'Santa María de Caparo'),
('E14-M16-P01', 'E14', 'E14-M16', 'Pueblo Llano'),
('E14-M17-P01', 'E14', 'E14-M17', 'Capital Rangel'),
('E14-M17-P02', 'E14', 'E14-M17', 'Cacute'),
('E14-M17-P03', 'E14', 'E14-M17', 'La Toma'),
('E14-M17-P04', 'E14', 'E14-M17', 'Mucurubá'),
('E14-M17-P05', 'E14', 'E14-M17', 'San Rafael'),
('E14-M18-P01', 'E14', 'E14-M18', 'Capital Rivas Dávila'),
('E14-M18-P02', 'E14', 'E14-M18', 'Gerónimo Maldonado'),
('E14-M19-P01', 'E14', 'E14-M19', 'Tabay'),
('E14-M20-P01', 'E14', 'E14-M20', 'Capital Sucre'),
('E14-M20-P02', 'E14', 'E14-M20', 'Chiguará'),
('E14-M20-P03', 'E14', 'E14-M20', 'Estánquez'),
('E14-M20-P04', 'E14', 'E14-M20', 'La Trampa'),
('E14-M20-P05', 'E14', 'E14-M20', 'Pueblo Nuevo del Sur'),
('E14-M20-P06', 'E14', 'E14-M20', 'San Juan'),
('E14-M21-P01', 'E14', 'E14-M21', 'El Amparo'),
('E14-M21-P02', 'E14', 'E14-M21', 'El Llano'),
('E14-M21-P03', 'E14', 'E14-M21', 'San Francisco'),
('E14-M21-P04', 'E14', 'E14-M21', 'Tovar'),
('E14-M22-P01', 'E14', 'E14-M22', 'Capital Tulio Febres Cordero'),
('E14-M22-P02', 'E14', 'E14-M22', 'Independencia'),
('E14-M22-P03', 'E14', 'E14-M22', 'María de la Concepción Palacios Blanco'),
('E14-M22-P04', 'E14', 'E14-M22', 'Santa Apolonia'),
('E14-M23-P01', 'E14', 'E14-M23', 'Capital Zea'),
('E14-M23-P02', 'E14', 'E14-M23', 'Caño El Tigre'),
('E15-M01-P01', 'E15', 'E15-M01', 'Caucagua'),
('E15-M01-P02', 'E15', 'E15-M01', 'Aragüita'),
('E15-M01-P03', 'E15', 'E15-M01', 'Arévalo González'),
('E15-M01-P04', 'E15', 'E15-M01', 'Capaya'),
('E15-M01-P05', 'E15', 'E15-M01', 'El Café'),
('E15-M01-P06', 'E15', 'E15-M01', 'Marizapa'),
('E15-M01-P07', 'E15', 'E15-M01', 'Panaquire'),
('E15-M01-P08', 'E15', 'E15-M01', 'Ribas'),
('E15-M02-P01', 'E15', 'E15-M02', 'San José de Barlovento'),
('E15-M02-P02', 'E15', 'E15-M02', 'Cumbo'),
('E15-M03-P01', 'E15', 'E15-M03', 'Baruta'),
('E15-M03-P02', 'E15', 'E15-M03', 'El Cafetal'),
('E15-M03-P03', 'E15', 'E15-M03', 'Las Minas de Baruta'),
('E15-M04-P01', 'E15', 'E15-M04', 'Higuerote'),
('E15-M04-P02', 'E15', 'E15-M04', 'Curiepe'),
('E15-M04-P03', 'E15', 'E15-M04', 'Tacarigua'),
('E15-M05-P01', 'E15', 'E15-M05', 'Mamporal'),
('E15-M06-P01', 'E15', 'E15-M06', 'Carrizal'),
('E15-M07-P01', 'E15', 'E15-M07', 'Chacao'),
('E15-M08-P01', 'E15', 'E15-M08', 'Charallave'),
('E15-M08-P02', 'E15', 'E15-M08', 'Las Brisas'),
('E15-M09-P01', 'E15', 'E15-M09', 'El Hatillo'),
('E15-M10-P01', 'E15', 'E15-M10', 'Los Teques'),
('E15-M10-P02', 'E15', 'E15-M10', 'Altagracia de La Montaña'),
('E15-M10-P03', 'E15', 'E15-M10', 'Cecilio Acosta'),
('E15-M10-P04', 'E15', 'E15-M10', 'El Jarillo'),
('E15-M10-P05', 'E15', 'E15-M10', 'Paracotos'),
('E15-M10-P06', 'E15', 'E15-M10', 'San Pedro'),
('E15-M10-P07', 'E15', 'E15-M10', 'Tácata'),
('E15-M11-P01', 'E15', 'E15-M11', 'Santa Teresa del Tuy'),
('E15-M11-P02', 'E15', 'E15-M11', 'El Cartanal'),
('E15-M12-P01', 'E15', 'E15-M12', 'Ocumare del Tuy'),
('E15-M12-P02', 'E15', 'E15-M12', 'La Democracia'),
('E15-M12-P03', 'E15', 'E15-M12', 'Santa Bárbara'),
('E15-M13-P01', 'E15', 'E15-M13', 'San Antonio de Los Altos'),
('E15-M14-P01', 'E15', 'E15-M14', 'Río Chico'),
('E15-M14-P02', 'E15', 'E15-M14', 'El Guapo'),
('E15-M14-P03', 'E15', 'E15-M14', 'Tacarigua de La Laguna'),
('E15-M14-P04', 'E15', 'E15-M14', 'Paparo'),
('E15-M14-P05', 'E15', 'E15-M14', 'San Fernando del Guapo'),
('E15-M15-P01', 'E15', 'E15-M15', 'Santa Lucía'),
('E15-M16-P01', 'E15', 'E15-M16', 'Cúpira'),
('E15-M16-P02', 'E15', 'E15-M16', 'Machurucuto'),
('E15-M17-P01', 'E15', 'E15-M17', 'Guarenas'),
('E15-M18-P01', 'E15', 'E15-M18', 'San Francisco de Yare'),
('E15-M18-P02', 'E15', 'E15-M18', 'San Antonio de Yare'),
('E15-M19-P01', 'E15', 'E15-M19', 'Petare'),
('E15-M19-P02', 'E15', 'E15-M19', 'Caucagüita'),
('E15-M19-P03', 'E15', 'E15-M19', 'Fila de Mariches'),
('E15-M19-P04', 'E15', 'E15-M19', 'La Dolorita'),
('E15-M19-P05', 'E15', 'E15-M19', 'Leoncio Martínez'),
('E15-M20-P01', 'E15', 'E15-M20', 'Cúa'),
('E15-M20-P02', 'E15', 'E15-M20', 'Nueva Cúa'),
('E15-M21-P01', 'E15', 'E15-M21', 'Guatire'),
('E15-M21-P02', 'E15', 'E15-M21', 'Bolívar'),
('E16-M01-P01', 'E16', 'E16-M01', 'Capital Acosta'),
('E16-M01-P02', 'E16', 'E16-M01', 'San Francisco'),
('E16-M04-P01', 'E16', 'E16-M04', 'Capital Caripe'),
('E16-M04-P02', 'E16', 'E16-M04', 'El Guácharo'),
('E16-M04-P03', 'E16', 'E16-M04', 'La Guanota'),
('E16-M04-P04', 'E16', 'E16-M04', 'Sabana de Piedra'),
('E16-M04-P05', 'E16', 'E16-M04', 'San Agustín'),
('E16-M04-P06', 'E16', 'E16-M04', 'Teresén'),
('E16-M05-P01', 'E16', 'E16-M05', 'Capital Cedeño'),
('E16-M05-P02', 'E16', 'E16-M05', 'Areo'),
('E16-M05-P03', 'E16', 'E16-M05', 'San Félix'),
('E16-M05-P04', 'E16', 'E16-M05', 'Viento Fresco'),
('E16-M06-P01', 'E16', 'E16-M06', 'Capital Ezequiel Zamora'),
('E16-M06-P02', 'E16', 'E16-M06', 'El Tejero'),
('E16-M07-P01', 'E16', 'E16-M07', 'Capital Libertador'),
('E16-M07-P02', 'E16', 'E16-M07', 'Chaguaramas'),
('E16-M07-P03', 'E16', 'E16-M07', 'Las Alhuacas'),
('E16-M07-P04', 'E16', 'E16-M07', 'Tabasca'),
('E16-M08-P01', 'E16', 'E16-M08', 'Capital Maturín'),
('E16-M08-P02', 'E16', 'E16-M08', 'Alto de los Godos'),
('E16-M08-P03', 'E16', 'E16-M08', 'Boquerón'),
('E16-M08-P04', 'E16', 'E16-M08', 'Las Cocuizas'),
('E16-M08-P05', 'E16', 'E16-M08', 'San Simón'),
('E16-M08-P06', 'E16', 'E16-M08', 'Santa Cruz'),
('E16-M08-P07', 'E16', 'E16-M08', 'El Corozo'),
('E16-M08-P08', 'E16', 'E16-M08', 'El Furrial'),
('E16-M08-P09', 'E16', 'E16-M08', 'Jusepín'),
('E16-M08-P10', 'E16', 'E16-M08', 'La Pica'),
('E16-M08-P11', 'E16', 'E16-M08', 'San Vicente'),
('E16-M09-P01', 'E16', 'E16-M09', 'Capital Piar'),
('E16-M09-P02', 'E16', 'E16-M09', 'Aparicio'),
('E16-M09-P03', 'E16', 'E16-M09', 'Chaguaramal'),
('E16-M09-P04', 'E16', 'E16-M09', 'El Pinto'),
('E16-M09-P05', 'E16', 'E16-M09', 'Guanaguana'),
('E16-M09-P06', 'E16', 'E16-M09', 'La Toscana'),
('E16-M09-P07', 'E16', 'E16-M09', 'Taguaya'),
('E16-M10-P01', 'E16', 'E16-M10', 'Capital Punceres'),
('E16-M10-P02', 'E16', 'E16-M10', 'Cachipo'),
('E16-M12-P01', 'E16', 'E16-M12', 'Capital Sotillo'),
('E16-M12-P02', 'E16', 'E16-M12', 'Los Barrancos de Fajardo'),
('E16-M13-P01', 'E16', 'E16-M13', 'Uracoa'),
('E17-M03-P01', 'E17', 'E17-M03', 'Capital Díaz'),
('E17-M03-P02', 'E17', 'E17-M03', 'Zabala'),
('E17-M04-P01', 'E17', 'E17-M04', 'Capital García'),
('E17-M04-P02', 'E17', 'E17-M04', 'Francisco Fajardo'),
('E17-M05-P01', 'E17', 'E17-M05', 'Capital Gómez'),
('E17-M05-P02', 'E17', 'E17-M05', 'Bolívar'),
('E17-M05-P03', 'E17', 'E17-M05', 'Guevara'),
('E17-M05-P04', 'E17', 'E17-M05', 'Matasiete'),
('E17-M05-P05', 'E17', 'E17-M05', 'Sucre'),
('E17-M06-P01', 'E17', 'E17-M06', 'Capital Maneiro'),
('E17-M06-P02', 'E17', 'E17-M06', 'Aguirre'),
('E17-M07-P01', 'E17', 'E17-M07', 'Capital Marcano'),
('E17-M07-P02', 'E17', 'E17-M07', 'Adrián'),
('E17-M08-P01', 'E17', 'E17-M08', 'Porlamar'),
('E17-M09-P01', 'E17', 'E17-M09', 'Capital Península de Macanao'),
('E17-M09-P02', 'E17', 'E17-M09', 'San Francisco'),
('E17-M10-P01', 'E17', 'E17-M10', 'Capital Tubores'),
('E17-M10-P02', 'E17', 'E17-M10', 'Los Barales'),
('E17-M11-P01', 'E17', 'E17-M11', 'Capital Villalba'),
('E17-M11-P02', 'E17', 'E17-M11', 'Vicente Fuentes'),
('E18-M01-P01', 'E18', 'E18-M01', 'Agua Blanca'),
('E18-M02-P01', 'E18', 'E18-M02', 'Capital Araure'),
('E18-M02-P02', 'E18', 'E18-M02', 'Río Acarigua'),
('E18-M03-P01', 'E18', 'E18-M03', 'Capital Esteller'),
('E18-M03-P02', 'E18', 'E18-M03', 'Uveral'),
('E18-M04-P01', 'E18', 'E18-M04', 'Capital Guanare'),
('E18-M04-P02', 'E18', 'E18-M04', 'Córdoba'),
('E18-M04-P03', 'E18', 'E18-M04', 'San José de la Montaña'),
('E18-M04-P04', 'E18', 'E18-M04', 'San Juan de Guanaguanare'),
('E18-M04-P05', 'E18', 'E18-M04', 'Virgen de la Coromoto'),
('E18-M05-P01', 'E18', 'E18-M05', 'Capital Guanarito'),
('E18-M05-P02', 'E18', 'E18-M05', 'Trinidad de la Capilla'),
('E18-M05-P03', 'E18', 'E18-M05', 'Divina Pastora'),
('E18-M06-P01', 'E18', 'E18-M06', 'Capital Monseñor José Vicente de Unda'),
('E18-M06-P02', 'E18', 'E18-M06', 'Peña Blanca'),
('E18-M07-P01', 'E18', 'E18-M07', 'Capital Ospino'),
('E18-M07-P02', 'E18', 'E18-M07', 'Aparición'),
('E18-M07-P03', 'E18', 'E18-M07', 'La Estación'),
('E18-M08-P01', 'E18', 'E18-M08', 'Capital Páez'),
('E18-M08-P02', 'E18', 'E18-M08', 'Payara'),
('E18-M08-P03', 'E18', 'E18-M08', 'Pimpinela'),
('E18-M08-P04', 'E18', 'E18-M08', 'Ramón Peraza'),
('E18-M09-P01', 'E18', 'E18-M09', 'Capital Papelón'),
('E18-M09-P02', 'E18', 'E18-M09', 'Caño Delgadito'),
('E18-M10-P01', 'E18', 'E18-M10', 'Capital San Genaro de Boconoito'),
('E18-M10-P02', 'E18', 'E18-M10', 'Antolín Tovar'),
('E18-M11-P01', 'E18', 'E18-M11', 'Capital San Rafael de Onoto'),
('E18-M11-P02', 'E18', 'E18-M11', 'Santa Fe'),
('E18-M11-P03', 'E18', 'E18-M11', 'Thermo Morles'),
('E18-M12-P01', 'E18', 'E18-M12', 'Capital Santa Rosalía'),
('E18-M12-P02', 'E18', 'E18-M12', 'Florida'),
('E18-M13-P01', 'E18', 'E18-M13', 'Capital Sucre'),
('E18-M13-P02', 'E18', 'E18-M13', 'Concepción'),
('E18-M13-P03', 'E18', 'E18-M13', 'San Rafael de Palo Alzado'),
('E18-M13-P04', 'E18', 'E18-M13', 'Uvencio Antonio Velásquez'),
('E18-M13-P05', 'E18', 'E18-M13', 'San José de Saguaz'),
('E18-M13-P06', 'E18', 'E18-M13', 'Villa Rosa'),
('E18-M14-P01', 'E18', 'E18-M14', 'Capital Turén'),
('E18-M14-P02', 'E18', 'E18-M14', 'Canelones'),
('E18-M14-P03', 'E18', 'E18-M14', 'Santa Cruz'),
('E18-M14-P04', 'E18', 'E18-M14', 'San Isidro Labrador'),
('E19-M01-P01', 'E19', 'E19-M01', 'Mariño'),
('E19-M01-P02', 'E19', 'E19-M01', 'Rómulo Gallegos'),
('E19-M02-P01', 'E19', 'E19-M02', 'San José de Aerocuar'),
('E19-M02-P02', 'E19', 'E19-M02', 'Tavera Acosta'),
('E19-M03-P01', 'E19', 'E19-M03', 'Río Caribe'),
('E19-M03-P02', 'E19', 'E19-M03', 'Antonio José de Sucre'),
('E19-M03-P03', 'E19', 'E19-M03', 'El Morro de Puerto Santo'),
('E19-M03-P04', 'E19', 'E19-M03', 'Puerto Santo'),
('E19-M03-P05', 'E19', 'E19-M03', 'San Juan de Las Galdonas'),
('E19-M04-P01', 'E19', 'E19-M04', 'El Pilar'),
('E19-M04-P02', 'E19', 'E19-M04', 'El Rincón'),
('E19-M04-P03', 'E19', 'E19-M04', 'General Francisco Antonio Vásquez'),
('E19-M04-P04', 'E19', 'E19-M04', 'Guaraúnos'),
('E19-M04-P05', 'E19', 'E19-M04', 'Tunapuicito'),
('E19-M04-P06', 'E19', 'E19-M04', 'Unión'),
('E19-M05-P01', 'E19', 'E19-M05', 'Bolívar'),
('E19-M05-P02', 'E19', 'E19-M05', 'Macarapana'),
('E19-M05-P03', 'E19', 'E19-M05', 'Santa Catalina'),
('E19-M05-P04', 'E19', 'E19-M05', 'Santa Rosa'),
('E19-M05-P05', 'E19', 'E19-M05', 'Santa Teresa'),
('E19-M07-P01', 'E19', 'E19-M07', 'Yaguaraparo'),
('E19-M07-P02', 'E19', 'E19-M07', 'El Paujil'),
('E19-M07-P03', 'E19', 'E19-M07', 'Libertad'),
('E19-M08-P01', 'E19', 'E19-M08', 'Araya'),
('E19-M08-P02', 'E19', 'E19-M08', 'Chacopata'),
('E19-M08-P03', 'E19', 'E19-M08', 'Manicuare'),
('E19-M09-P01', 'E19', 'E19-M09', 'Tunapuy'),
('E19-M09-P02', 'E19', 'E19-M09', 'Campo Elías'),
('E19-M10-P01', 'E19', 'E19-M10', 'Irapa'),
('E19-M10-P02', 'E19', 'E19-M10', 'Campo Claro'),
('E19-M10-P03', 'E19', 'E19-M10', 'Marabal'),
('E19-M10-P04', 'E19', 'E19-M10', 'San Antonio de Irapa'),
('E19-M10-P05', 'E19', 'E19-M10', 'Soro'),
('E19-M11-P01', 'E19', 'E19-M11', 'San Antonio del Golfo'),
('E19-M12-P01', 'E19', 'E19-M12', 'Cumanacoa'),
('E19-M12-P02', 'E19', 'E19-M12', 'Arenas'),
('E19-M12-P03', 'E19', 'E19-M12', 'Aricagua'),
('E19-M12-P04', 'E19', 'E19-M12', 'Cocollar'),
('E19-M12-P05', 'E19', 'E19-M12', 'San Fernando'),
('E19-M12-P06', 'E19', 'E19-M12', 'San Lorenzo'),
('E19-M13-P01', 'E19', 'E19-M13', 'Villa Frontado (Muelle de Cariaco)'),
('E19-M13-P02', 'E19', 'E19-M13', 'Catuaro'),
('E19-M13-P03', 'E19', 'E19-M13', 'Rendón'),
('E19-M13-P04', 'E19', 'E19-M13', 'Santa Cruz'),
('E19-M13-P05', 'E19', 'E19-M13', 'Santa María'),
('E19-M13-P06', 'E19', 'E19-M13', 'Cariaco'),
('E19-M14-P01', 'E19', 'E19-M14', 'Altagracia'),
('E19-M14-P02', 'E19', 'E19-M14', 'Ayacucho'),
('E19-M14-P03', 'E19', 'E19-M14', 'Santa Inés'),
('E19-M14-P04', 'E19', 'E19-M14', 'Valentín Valiente'),
('E19-M14-P05', 'E19', 'E19-M14', 'San Juan'),
('E19-M14-P06', 'E19', 'E19-M14', 'Raúl Leoni'),
('E19-M14-P07', 'E19', 'E19-M14', 'Gran Mariscal'),
('E19-M15-P01', 'E19', 'E19-M15', 'Güiria'),
('E19-M15-P02', 'E19', 'E19-M15', 'Bideau'),
('E19-M15-P03', 'E19', 'E19-M15', 'Cristóbal Colón'),
('E19-M15-P04', 'E19', 'E19-M15', 'Punta de Piedras'),
('E20-M01-P01', 'E20', 'E20-M01', 'Cordero'),
('E20-M03-P01', 'E20', 'E20-M03', 'Ayacucho'),
('E20-M03-P02', 'E20', 'E20-M03', 'Rivas Berti'),
('E20-M03-P03', 'E20', 'E20-M03', 'San Pedro del Río'),
('E20-M04-P01', 'E20', 'E20-M04', 'Bolívar'),
('E20-M04-P02', 'E20', 'E20-M04', 'Palotal'),
('E20-M04-P03', 'E20', 'E20-M04', 'Juan Vicente Gómez'),
('E20-M04-P04', 'E20', 'E20-M04', 'Isaías Medina Angarita'),
('E20-M05-P01', 'E20', 'E20-M05', 'Cárdenas'),
('E20-M05-P02', 'E20', 'E20-M05', 'Amenodoro Rangel Lamús'),
('E20-M05-P03', 'E20', 'E20-M05', 'La Florida'),
('E20-M06-P01', 'E20', 'E20-M06', 'Santa Ana'),
('E20-M07-P01', 'E20', 'E20-M07', 'Fernández Feo'),
('E20-M07-P02', 'E20', 'E20-M07', 'Alberto Adriani'),
('E20-M07-P03', 'E20', 'E20-M07', 'Santo Domingo'),
('E20-M09-P01', 'E20', 'E20-M09', 'García de Hevia'),
('E20-M09-P02', 'E20', 'E20-M09', 'Boca de Grita'),
('E20-M09-P03', 'E20', 'E20-M09', 'José Antonio Páez'),
('E20-M10-P01', 'E20', 'E20-M10', 'Palmira'),
('E20-M11-P01', 'E20', 'E20-M11', 'Independencia'),
('E20-M11-P02', 'E20', 'E20-M11', 'Juan Germán Roscio'),
('E20-M11-P03', 'E20', 'E20-M11', 'Román Cárdenas'),
('E20-M12-P01', 'E20', 'E20-M12', 'Jáuregui'),
('E20-M12-P02', 'E20', 'E20-M12', 'Emilio Constantino Guerrero'),
('E20-M12-P03', 'E20', 'E20-M12', 'Monseñor Miguel Antonio Salas'),
('E20-M14-P01', 'E20', 'E20-M14', 'Junín'),
('E20-M14-P02', 'E20', 'E20-M14', 'La Petrólea'),
('E20-M14-P03', 'E20', 'E20-M14', 'Quinimarí'),
('E20-M14-P04', 'E20', 'E20-M14', 'Bramón'),
('E20-M15-P01', 'E20', 'E20-M15', 'Libertad'),
('E20-M15-P02', 'E20', 'E20-M15', 'Cipriano Castro'),
('E20-M15-P03', 'E20', 'E20-M15', 'Manuel Felipe Rugeles'),
('E20-M16-P01', 'E20', 'E20-M16', 'Libertador'),
('E20-M16-P02', 'E20', 'E20-M16', 'Don Emeterio Ochoa'),
('E20-M16-P03', 'E20', 'E20-M16', 'Doradas'),
('E20-M16-P04', 'E20', 'E20-M16', 'San Joaquín de Navay'),
('E20-M17-P01', 'E20', 'E20-M17', 'Lobatera'),
('E20-M17-P02', 'E20', 'E20-M17', 'Constitución'),
('E20-M19-P01', 'E20', 'E20-M19', 'Panamericano'),
('E20-M19-P02', 'E20', 'E20-M19', 'La Palmita'),
('E20-M20-P01', 'E20', 'E20-M20', 'Pedro María Ureña'),
('E20-M20-P02', 'E20', 'E20-M20', 'Nueva Arcadia'),
('E20-M22-P01', 'E20', 'E20-M22', 'Samuel Darío Maldonado'),
('E20-M22-P02', 'E20', 'E20-M22', 'Boconó'),
('E20-M22-P03', 'E20', 'E20-M22', 'Hernández'),
('E20-M23-P01', 'E20', 'E20-M23', 'La Concordia'),
('E20-M23-P02', 'E20', 'E20-M23', 'Pedro María Morantes'),
('E20-M23-P03', 'E20', 'E20-M23', 'San Juan Bautista'),
('E20-M23-P04', 'E20', 'E20-M23', 'San Sebastián'),
('E20-M23-P05', 'E20', 'E20-M23', 'Dr. Francisco Romero Lobo'),
('E20-M25-P01', 'E20', 'E20-M25', 'San Simón'),
('E20-M26-P01', 'E20', 'E20-M26', 'Sucre'),
('E20-M26-P02', 'E20', 'E20-M26', 'Eleazar López Contreras'),
('E20-M26-P03', 'E20', 'E20-M26', 'San Pablo'),
('E20-M27-P01', 'E20', 'E20-M27', 'San Josecito'),
('E20-M28-P01', 'E20', 'E20-M28', 'Uribante'),
('E20-M28-P02', 'E20', 'E20-M28', 'Cárdenas'),
('E20-M28-P03', 'E20', 'E20-M28', 'Juan Pablo Peñaloza'),
('E20-M28-P04', 'E20', 'E20-M28', 'Potosí'),
('E20-M29-P01', 'E20', 'E20-M29', 'Umuquena'),
('E21-M01-P01', 'E21', 'E21-M01', 'Santa Isabel'),
('E21-M01-P02', 'E21', 'E21-M01', 'Araguaney'),
('E21-M01-P03', 'E21', 'E21-M01', 'El Jagüito'),
('E21-M01-P04', 'E21', 'E21-M01', 'La Esperanza'),
('E21-M02-P01', 'E21', 'E21-M02', 'Boconó'),
('E21-M02-P02', 'E21', 'E21-M02', 'El Carmen'),
('E21-M02-P03', 'E21', 'E21-M02', 'Mosquey'),
('E21-M02-P04', 'E21', 'E21-M02', 'Ayacucho'),
('E21-M02-P05', 'E21', 'E21-M02', 'Burbusay'),
('E21-M02-P06', 'E21', 'E21-M02', 'General Rivas'),
('E21-M02-P07', 'E21', 'E21-M02', 'Guaramacal'),
('E21-M02-P08', 'E21', 'E21-M02', 'Vega de Guaramacal'),
('E21-M02-P09', 'E21', 'E21-M02', 'Monseñor Jáuregui'),
('E21-M02-P10', 'E21', 'E21-M02', 'Rafael Rangel'),
('E21-M02-P11', 'E21', 'E21-M02', 'San Miguel'),
('E21-M02-P12', 'E21', 'E21-M02', 'San José'),
('E21-M03-P01', 'E21', 'E21-M03', 'Sabana Grande'),
('E21-M03-P02', 'E21', 'E21-M03', 'Cheregüé'),
('E21-M03-P03', 'E21', 'E21-M03', 'Granados'),
('E21-M04-P01', 'E21', 'E21-M04', 'Chejendé'),
('E21-M04-P02', 'E21', 'E21-M04', 'Arnoldo Gabaldón'),
('E21-M04-P03', 'E21', 'E21-M04', 'Bolivia'),
('E21-M04-P04', 'E21', 'E21-M04', 'Carrillo'),
('E21-M04-P05', 'E21', 'E21-M04', 'Cegarra'),
('E21-M04-P06', 'E21', 'E21-M04', 'Manuel Salvador Ulloa'),
('E21-M04-P07', 'E21', 'E21-M04', 'San José'),
('E21-M05-P01', 'E21', 'E21-M05', 'Carache'),
('E21-M05-P02', 'E21', 'E21-M05', 'Cuicas'),
('E21-M05-P03', 'E21', 'E21-M05', 'La Concepción'),
('E21-M05-P04', 'E21', 'E21-M05', 'Panamericana'),
('E21-M05-P05', 'E21', 'E21-M05', 'Santa Cruz'),
('E21-M06-P01', 'E21', 'E21-M06', 'Escuque'),
('E21-M06-P02', 'E21', 'E21-M06', 'La Unión'),
('E21-M06-P03', 'E21', 'E21-M06', 'Sabana Libre'),
('E21-M06-P04', 'E21', 'E21-M06', 'Santa Rita'),
('E21-M07-P01', 'E21', 'E21-M07', 'El Socorro'),
('E21-M07-P02', 'E21', 'E21-M07', 'Antonio José de Sucre'),
('E21-M07-P03', 'E21', 'E21-M07', 'Los Caprichos'),
('E21-M08-P01', 'E21', 'E21-M08', 'Campo Elías'),
('E21-M08-P02', 'E21', 'E21-M08', 'Arnoldo Gabaldón'),
('E21-M09-P01', 'E21', 'E21-M09', 'Santa Apolonia'),
('E21-M09-P02', 'E21', 'E21-M09', 'El Progreso'),
('E21-M09-P03', 'E21', 'E21-M09', 'La Ceiba'),
('E21-M09-P04', 'E21', 'E21-M09', 'Tres de Febrero'),
('E21-M10-P01', 'E21', 'E21-M10', 'El Dividive'),
('E21-M10-P02', 'E21', 'E21-M10', 'Agua Santa'),
('E21-M10-P03', 'E21', 'E21-M10', 'Agua Caliente'),
('E21-M10-P04', 'E21', 'E21-M10', 'El Cenizo'),
('E21-M10-P05', 'E21', 'E21-M10', 'Valerita'),
('E21-M11-P01', 'E21', 'E21-M11', 'Monte Carmelo'),
('E21-M11-P02', 'E21', 'E21-M11', 'Buena Vista'),
('E21-M11-P03', 'E21', 'E21-M11', 'Santa María del Horcón'),
('E21-M12-P01', 'E21', 'E21-M12', 'Motatán'),
('E21-M12-P02', 'E21', 'E21-M12', 'El Baño'),
('E21-M12-P03', 'E21', 'E21-M12', 'Jalisco'),
('E21-M13-P01', 'E21', 'E21-M13', 'Pampán'),
('E21-M13-P02', 'E21', 'E21-M13', 'Flor de Patria'),
('E21-M13-P03', 'E21', 'E21-M13', 'La Paz'),
('E21-M13-P04', 'E21', 'E21-M13', 'Santa Ana'),
('E21-M14-P01', 'E21', 'E21-M14', 'Pampanito'),
('E21-M14-P02', 'E21', 'E21-M14', 'La Concepción'),
('E21-M14-P03', 'E21', 'E21-M14', 'Pampanito II'),
('E21-M15-P01', 'E21', 'E21-M15', 'Betijoque'),
('E21-M15-P02', 'E21', 'E21-M15', 'La Pueblita'),
('E21-M15-P03', 'E21', 'E21-M15', 'Los Cedros'),
('E21-M15-P04', 'E21', 'E21-M15', 'José Gregorio Hernández'),
('E21-M16-P01', 'E21', 'E21-M16', 'Carvajal'),
('E21-M16-P02', 'E21', 'E21-M16', 'Antonio Nicolás Briceño'),
('E21-M16-P03', 'E21', 'E21-M16', 'Campo Alegre'),
('E21-M16-P04', 'E21', 'E21-M16', 'José Leonardo Suárez'),
('E21-M17-P01', 'E21', 'E21-M17', 'Sabana de Mendoza'),
('E21-M17-P02', 'E21', 'E21-M17', 'El Paraíso'),
('E21-M17-P03', 'E21', 'E21-M17', 'Junín'),
('E21-M17-P04', 'E21', 'E21-M17', 'Valmore Rodríguez'),
('E21-M18-P01', 'E21', 'E21-M18', 'Andrés Linares'),
('E21-M18-P02', 'E21', 'E21-M18', 'Chiquinquirá'),
('E21-M18-P03', 'E21', 'E21-M18', 'Cristóbal Mendoza'),
('E21-M18-P04', 'E21', 'E21-M18', 'Cruz Carrillo'),
('E21-M18-P05', 'E21', 'E21-M18', 'Matriz'),
('E21-M18-P06', 'E21', 'E21-M18', 'Monseñor Carrillo'),
('E21-M18-P07', 'E21', 'E21-M18', 'Tres Esquinas'),
('E21-M19-P01', 'E21', 'E21-M19', 'La Quebrada'),
('E21-M19-P02', 'E21', 'E21-M19', 'Cabimbú'),
('E21-M19-P03', 'E21', 'E21-M19', 'Jajó'),
('E21-M19-P04', 'E21', 'E21-M19', 'La Mesa'),
('E21-M19-P05', 'E21', 'E21-M19', 'Santiago'),
('E21-M19-P06', 'E21', 'E21-M19', 'Tuñame'),
('E21-M20-P01', 'E21', 'E21-M20', 'Juan Ignacio Montilla'),
('E21-M20-P02', 'E21', 'E21-M20', 'La Beatriz'),
('E21-M20-P03', 'E21', 'E21-M20', 'Mercedes Díaz'),
('E21-M20-P04', 'E21', 'E21-M20', 'San Luis'),
('E21-M20-P05', 'E21', 'E21-M20', 'La Puerta'),
('E21-M20-P06', 'E21', 'E21-M20', 'Mendoza'),
('E22-M01-P01', 'E22', 'E22-M01', 'Arístides Bastidas'),
('E22-M02-P01', 'E22', 'E22-M02', 'Bolívar'),
('E22-M03-P01', 'E22', 'E22-M03', 'Capital Bruzual'),
('E22-M03-P02', 'E22', 'E22-M03', 'Campo Elías'),
('E22-M04-P01', 'E22', 'E22-M04', 'Cocorote'),
('E22-M04-P02', 'E22', 'E22-M04', 'Las Flores'),
('E22-M05-P01', 'E22', 'E22-M05', 'Independencia'),
('E22-M06-P01', 'E22', 'E22-M06', 'Sabana de Parra'),
('E22-M07-P01', 'E22', 'E22-M07', 'Boraure'),
('E22-M08-P01', 'E22', 'E22-M08', 'Yumare'),
('E22-M09-P01', 'E22', 'E22-M09', 'Capital Nirgua'),
('E22-M09-P02', 'E22', 'E22-M09', 'Salom'),
('E22-M09-P03', 'E22', 'E22-M09', 'Temerla'),
('E22-M10-P01', 'E22', 'E22-M10', 'Capital Peña'),
('E22-M10-P02', 'E22', 'E22-M10', 'San Andrés'),
('E22-M11-P01', 'E22', 'E22-M11', 'Capital San Felipe'),
('E22-M11-P02', 'E22', 'E22-M11', 'Albarico'),
('E22-M11-P03', 'E22', 'E22-M11', 'San Javier'),
('E22-M12-P01', 'E22', 'E22-M12', 'Guama'),
('E22-M13-P01', 'E22', 'E22-M13', 'Urachiche'),
('E22-M14-P01', 'E22', 'E22-M14', 'Capital Veroes'),
('E22-M14-P02', 'E22', 'E22-M14', 'El Guayabo'),
('E23-M01-P01', 'E23', 'E23-M01', 'Isla de Toas'),
('E23-M01-P02', 'E23', 'E23-M01', 'Monagas'),
('E23-M02-P01', 'E23', 'E23-M02', 'San Timoteo'),
('E23-M02-P02', 'E23', 'E23-M02', 'General Urdaneta'),
('E23-M02-P03', 'E23', 'E23-M02', 'Libertador'),
('E23-M02-P04', 'E23', 'E23-M02', 'Manuel Guanipa Matos'),
('E23-M02-P05', 'E23', 'E23-M02', 'Marcelino Briceño'),
('E23-M02-P06', 'E23', 'E23-M02', 'Pueblo Nuevo'),
('E23-M03-P01', 'E23', 'E23-M03', 'Ambrosio'),
('E23-M03-P02', 'E23', 'E23-M03', 'Carmen Herrera'),
('E23-M03-P03', 'E23', 'E23-M03', 'Germán Ríos Linares'),
('E23-M03-P04', 'E23', 'E23-M03', 'La Rosa'),
('E23-M03-P05', 'E23', 'E23-M03', 'Jorge Hernández'),
('E23-M03-P06', 'E23', 'E23-M03', 'Rómulo Betancourt'),
('E23-M03-P07', 'E23', 'E23-M03', 'San Benito'),
('E23-M03-P08', 'E23', 'E23-M03', 'Arístides Calvani'),
('E23-M03-P09', 'E23', 'E23-M03', 'Punta Gorda'),
('E23-M04-P01', 'E23', 'E23-M04', 'Encontrados'),
('E23-M04-P02', 'E23', 'E23-M04', 'Udón Pérez'),
('E23-M05-P01', 'E23', 'E23-M05', 'San Carlos del Zulia'),
('E23-M05-P02', 'E23', 'E23-M05', 'Moralito'),
('E23-M05-P03', 'E23', 'E23-M05', 'Santa Bárbara'),
('E23-M05-P04', 'E23', 'E23-M05', 'Santa Cruz del Zulia'),
('E23-M05-P05', 'E23', 'E23-M05', 'Urribarri'),
('E23-M06-P01', 'E23', 'E23-M06', 'Simón Rodríguez'),
('E23-M06-P02', 'E23', 'E23-M06', 'Carlos Quevedo'),
('E23-M06-P03', 'E23', 'E23-M06', 'Francisco Javier Pulgar'),
('E23-M07-P01', 'E23', 'E23-M07', 'La Concepción'),
('E23-M07-P02', 'E23', 'E23-M07', 'José Ramón Yepes'),
('E23-M07-P03', 'E23', 'E23-M07', 'Mariano Parra León'),
('E23-M07-P04', 'E23', 'E23-M07', 'San José'),
('E23-M08-P01', 'E23', 'E23-M08', 'Jesús María Semprún'),
('E23-M08-P02', 'E23', 'E23-M08', 'Barí'),
('E23-M09-P01', 'E23', 'E23-M09', 'Concepción'),
('E23-M09-P02', 'E23', 'E23-M09', 'Andrés Bello'),
('E23-M09-P03', 'E23', 'E23-M09', 'Chiquinquirá'),
('E23-M09-P04', 'E23', 'E23-M09', 'El Carmelo'),
('E23-M09-P05', 'E23', 'E23-M09', 'Potreritos'),
('E23-M10-P01', 'E23', 'E23-M10', 'Alonso de Ojeda'),
('E23-M10-P02', 'E23', 'E23-M10', 'Libertad'),
('E23-M10-P03', 'E23', 'E23-M10', 'Campo Lara'),
('E23-M10-P04', 'E23', 'E23-M10', 'Eleazar López Contreras'),
('E23-M10-P05', 'E23', 'E23-M10', 'Venezuela'),
('E23-M11-P01', 'E23', 'E23-M11', 'Libertad'),
('E23-M11-P02', 'E23', 'E23-M11', 'Bartolomé de las Casas'),
('E23-M11-P03', 'E23', 'E23-M11', 'Río Negro'),
('E23-M11-P04', 'E23', 'E23-M11', 'San José de Perijá'),
('E23-M12-P01', 'E23', 'E23-M12', 'San Rafael'),
('E23-M12-P02', 'E23', 'E23-M12', 'La Sierrita'),
('E23-M12-P03', 'E23', 'E23-M12', 'Las Parcelas'),
('E23-M12-P04', 'E23', 'E23-M12', 'Luis de Vicente'),
('E23-M12-P05', 'E23', 'E23-M12', 'Monseñor Marcos Sergio Godoy'),
('E23-M12-P06', 'E23', 'E23-M12', 'Ricaurte'),
('E23-M12-P07', 'E23', 'E23-M12', 'Tamare'),
('E23-M13-P01', 'E23', 'E23-M13', 'Antonio Borjas Romero'),
('E23-M13-P02', 'E23', 'E23-M13', 'Bolívar'),
('E23-M13-P03', 'E23', 'E23-M13', 'Cacique Mara'),
('E23-M13-P04', 'E23', 'E23-M13', 'Caracciolo Parra Pérez'),
('E23-M13-P05', 'E23', 'E23-M13', 'Cecilio Acosta'),
('E23-M13-P06', 'E23', 'E23-M13', 'Cristo de Aranza'),
('E23-M13-P07', 'E23', 'E23-M13', 'Coquivacoa'),
('E23-M13-P08', 'E23', 'E23-M13', 'Chiquinquirá'),
('E23-M13-P09', 'E23', 'E23-M13', 'Francisco Eugenio Bustamante'),
('E23-M13-P10', 'E23', 'E23-M13', 'Idelfonso Vásquez'),
('E23-M13-P11', 'E23', 'E23-M13', 'Juana de Avila'),
('E23-M13-P12', 'E23', 'E23-M13', 'Luis Hurtado Higuera'),
('E23-M13-P13', 'E23', 'E23-M13', 'Manuel Dagnino'),
('E23-M13-P14', 'E23', 'E23-M13', 'Olegario Villalobos'),
('E23-M13-P15', 'E23', 'E23-M13', 'Raúl Leoni'),
('E23-M13-P16', 'E23', 'E23-M13', 'Santa Lucía'),
('E23-M13-P17', 'E23', 'E23-M13', 'Venancio Pulgar'),
('E23-M13-P18', 'E23', 'E23-M13', 'San Isidro'),
('E23-M14-P01', 'E23', 'E23-M14', 'Altagracia'),
('E23-M14-P02', 'E23', 'E23-M14', 'Ana María Campos'),
('E23-M14-P03', 'E23', 'E23-M14', 'Faría'),
('E23-M14-P04', 'E23', 'E23-M14', 'San Antonio'),
('E23-M14-P05', 'E23', 'E23-M14', 'San José'),
('E23-M15-P01', 'E23', 'E23-M15', 'Sinamaica'),
('E23-M15-P02', 'E23', 'E23-M15', 'Alta Guajira'),
('E23-M15-P03', 'E23', 'E23-M15', 'Elías Sánchez Rubio'),
('E23-M15-P04', 'E23', 'E23-M15', 'Guajira'),
('E23-M16-P01', 'E23', 'E23-M16', 'El Rosario'),
('E23-M16-P02', 'E23', 'E23-M16', 'Donaldo García'),
('E23-M16-P03', 'E23', 'E23-M16', 'Sixto Zambrano'),
('E23-M17-P01', 'E23', 'E23-M17', 'San Francisco'),
('E23-M17-P02', 'E23', 'E23-M17', 'El Bajo'),
('E23-M17-P03', 'E23', 'E23-M17', 'Domitila Flores'),
('E23-M17-P04', 'E23', 'E23-M17', 'Francisco Ochoa'),
('E23-M17-P05', 'E23', 'E23-M17', 'Los Cortijos'),
('E23-M17-P06', 'E23', 'E23-M17', 'Marcial Hernández'),
('E23-M18-P01', 'E23', 'E23-M18', 'Santa Rita'),
('E23-M18-P02', 'E23', 'E23-M18', 'El Mene'),
('E23-M18-P03', 'E23', 'E23-M18', 'José Cenovio Urribarri'),
('E23-M18-P04', 'E23', 'E23-M18', 'Pedro Lucas Urribarri'),
('E23-M19-P01', 'E23', 'E23-M19', 'Manuel Manrique'),
('E23-M19-P02', 'E23', 'E23-M19', 'Rafael María Baralt'),
('E23-M19-P03', 'E23', 'E23-M19', 'Rafael Urdaneta'),
('E23-M20-P01', 'E23', 'E23-M20', 'Bobures'),
('E23-M20-P02', 'E23', 'E23-M20', 'El Batey'),
('E23-M20-P03', 'E23', 'E23-M20', 'Gibraltar'),
('E23-M20-P04', 'E23', 'E23-M20', 'Heras'),
('E23-M20-P05', 'E23', 'E23-M20', 'Monseñor Arturo Celestino Alvarez'),
('E23-M20-P06', 'E23', 'E23-M20', 'Rómulo Gallegos'),
('E23-M21-P01', 'E23', 'E23-M21', 'La Victoria'),
('E23-M21-P02', 'E23', 'E23-M21', 'Rafael Urdaneta'),
('E23-M21-P03', 'E23', 'E23-M21', 'Raúl Cuenca'),
('E24-M01-P01', 'E24', 'E24-M01', 'Caraballeda'),
('E24-M01-P02', 'E24', 'E24-M01', 'Carayaca'),
('E24-M01-P03', 'E24', 'E24-M01', 'Caruao'),
('E24-M01-P04', 'E24', 'E24-M01', 'Catia La Mar'),
('E24-M01-P05', 'E24', 'E24-M01', 'El Junko'),
('E24-M01-P06', 'E24', 'E24-M01', 'La Guaira'),
('E24-M01-P07', 'E24', 'E24-M01', 'Macuto'),
('E24-M01-P08', 'E24', 'E24-M01', 'Maiquetía'),
('E24-M01-P09', 'E24', 'E24-M01', 'Naiguatá'),
('E24-M01-P10', 'E24', 'E24-M01', 'Urimare'),
('E24-M01-P11', 'E24', 'E24-M01', 'Carlos Soublette');

-- --------------------------------------------------------

--
-- Estructura de tabla para la tabla `log`
--

DROP TABLE IF EXISTS `log`;

CREATE TABLE IF NOT EXISTS `log` (
  `id` int(11) NOT NULL AUTO_INCREMENT,
  `user_name` varchar(64)  NOT NULL DEFAULT '',
  `timestamp` timestamp NOT NULL DEFAULT CURRENT_TIMESTAMP,
  `description` varchar(128)  NOT NULL DEFAULT '',
  PRIMARY KEY (`id`),
  KEY `user` (`user_name`,`timestamp`)
) ENGINE=InnoDB DEFAULT CHARSET=utf8;

--
-- Truncar tablas antes de insertar `log`
--

TRUNCATE TABLE `log`;
--
-- Volcado de datos para la tabla `log`
--

-- EMPTY TABLE

-- --------------------------------------------------------

--
-- Estructura de tabla para la tabla `user`
--

DROP TABLE IF EXISTS `user`;

CREATE TABLE IF NOT EXISTS `user` (
  `id` int(11) NOT NULL AUTO_INCREMENT,
  `user_name` varchar(64)  NOT NULL DEFAULT '',
  `role` enum('superadmin','admin','regular')  NOT NULL DEFAULT 'regular',
  `password` varchar(32)  NOT NULL DEFAULT '',
  PRIMARY KEY (`id`),
  UNIQUE KEY (`user_name`)
) ENGINE=InnoDB DEFAULT CHARSET=utf8;

--
-- Truncar tablas antes de insertar `user`
--

TRUNCATE TABLE `user`;
--
-- Volcado de datos para la tabla `user`
--

INSERT INTO `user` (`user_name`, `role`, `password`) VALUES
('SuperAdminVzla', 'superadmin', MD5('password')),
('AdminVzla', 'admin', MD5('password')),
('RegularVzla', 'regular', MD5('password'));

